ID_ROTINA;CONTRATO;OPERADORA;TIPO DE ARQUIVO
164;469115;BRADESCO SPG;FATURA
034971;422054;BRADESCO SPG;FATURA
9010;93007898;GNDI;FATOR MODERADOR
9011;93007898;GNDI;FATURA
9012;93007900;GNDI;FATOR MODERADOR
103;62974;SUL AMÉRICA;FATURA
104;631114;ODONTOPREV;FATURA
105;987488;ODONTOPREV;FATURA
143;17964;SUL AMÉRICA;FATURA
144;82836;SUL AMÉRICA;FATURA
133;93646;BRADESCO;FATURA
175;123534;BRADESCO SPG;FATURA
176;73053;BRADESCO;FATURA
177;50905;CARE PLUS;FATURA
124;72583;BRADESCO;FATURA
125;72583;BRADESCO;FATURA
130;241812;UNIMED BH;FATURA
132;2011146;UNIMED FESC;FATURA
116;2011146;UNIMED FESC;FATOR MODERADOR
117;2011147;UNIMED FESC;FATURA
118;2011147;UNIMED FESC;FATOR MODERADOR
119;2011148;UNIMED FESC;FATURA
120;2011148;UNIMED FESC;FATOR MODERADOR
121;2011149;UNIMED FESC;FATURA
122;2011149;UNIMED FESC;FATOR MODERADOR
123;2011150;UNIMED FESC;FATURA
4288;2011150;UNIMED FESC;FATOR MODERADOR
9039;1254220;AMIL;FATURA
178;1121210000;ONE HEALTH;FATURA
8384;469523;BRADESCO;FATURA
179;70089;BRADESCO;FATURA
180;91591;BRADESCO;FATURA
181;91591;BRADESCO;FATURA
7173;445563;BRADESCO SPG;FATURA
182;74455;BRADESCO;FATURA
183;204044;SUL AMÉRICA;FATURA
5468;204049;SUL AMÉRICA;FATURA
184;71217;BRADESCO;FATURA
185;72602;BRADESCO;FATURA
7169;467279;BRADESCO SPG;FATURA
7178;20604;CARE PLUS;FATOR MODERADOR
6698;74395;BRADESCO;FATURA
6699;74395;BRADESCO;FATOR MODERADOR
9043;8JVDM;SUL AMÉRICA;FATURA
6712;8JVER;SUL AMÉRICA;FATURA
6713;8JVET;SUL AMÉRICA;FATURA
6714;8JVF5;SUL AMÉRICA;FATURA
6717;8JVFI;SUL AMÉRICA;FATURA
6718;8JVFK;SUL AMÉRICA;FATURA
6719;8JVWD;SUL AMÉRICA;FATURA
9065; 8JVWL;SUL AMÉRICA;FATURA
9066;8JVWP;SUL AMÉRICA;FATURA
9067;8JVWQ;SUL AMÉRICA;FATURA
9068;8JVWR;SUL AMÉRICA;FATURA
9069;8JW0R;SUL AMÉRICA;FATURA
9070; 8JW15;SUL AMÉRICA;FATURA
9071;8JW1H;SUL AMÉRICA;FATURA
9072;8JW1N;SUL AMÉRICA;FATURA
9073; 8JW1O;SUL AMÉRICA;FATURA
9080;8K1EA;SUL AMÉRICA;FATURA
9083;8K1FJ;SUL AMÉRICA;FATURA
9085;8K1FW;SUL AMÉRICA;FATURA
9086;8K1G1;SUL AMÉRICA;FATURA
6741;8KEGS;SUL AMÉRICA;FATURA
188;8KEH1;SUL AMÉRICA;FATURA
190;8KEHN;SUL AMÉRICA;FATURA
300;58480356;PORTO SEGURO;FATURA
9038;8GO9A;SUL AMÉRICA;FATURA
9028;929680000;AMIL ;FATOR MODERADOR
9020;936136000;AMIL ;FATOR MODERADOR
9021;018568000 ;AMIL ;FATOR MODERADOR
9022;1088281000;AMIL ;FATOR MODERADOR
9023;1089185000;AMIL ;FATOR MODERADOR
9024;1102883000;AMIL ;FATOR MODERADOR
9025;1111812000;AMIL ;FATOR MODERADOR
9026;1144006000 ;AMIL ;FATOR MODERADOR
9027;1148753000 ;AMIL ;FATOR MODERADOR
6700;1149034000 ;AMIL ;FATOR MODERADOR
6701;1154061000;AMIL ;FATOR MODERADOR
6702;018583000 ;AMIL ;FATOR MODERADOR
6703;228737000;AMIL ;FATOR MODERADOR
6704;256117000;AMIL ;FATOR MODERADOR
6705;353636000;AMIL ;FATOR MODERADOR
6706;356441000;AMIL ;FATOR MODERADOR
6707;423100000;AMIL ;FATOR MODERADOR
6708;583763000;AMIL ;FATOR MODERADOR
6709;647909000;AMIL ;FATOR MODERADOR
6710;732518000;AMIL ;FATOR MODERADOR
9045;738523000;AMIL ;FATOR MODERADOR
9046;886340000;AMIL ;FATOR MODERADOR
9047;886343000;AMIL ;FATOR MODERADOR
9048;886346000;AMIL ;FATOR MODERADOR
9049;886348000;AMIL ;FATOR MODERADOR
9050;886348002;AMIL ;FATOR MODERADOR
9051;886348003;AMIL ;FATOR MODERADOR
9052;886362000;AMIL ;FATOR MODERADOR
9053;886394000;AMIL ;FATOR MODERADOR
6720;886415000;AMIL;FATOR MODERADOR
6721;886416000;AMIL;FATOR MODERADOR
6722;952988000;AMIL ;FATOR MODERADOR
6723;973845000;AMIL ;FATOR MODERADOR
6724;979832000;AMIL ;FATOR MODERADOR
6725;983759000;AMIL ;FATOR MODERADOR
6727;8KK19;SUL AMÉRICA;FATURA
6728;93234;BRADESCO;FATURA
6729;74503;BRADESCO;FATURA
6731;473144;BRADESCO SPG;FATURA
6732;70810;BRADESCO;FATURA
6733;218689;SUL AMÉRICA;FATURA
6734;1290182000;AMIL ;FATURA
9099;8719870;SEGUROS UNIMED;FATOR MODERADOR
100;8719870;SEGUROS UNIMED;FATOR MODERADOR
101;8719870;SEGUROS UNIMED;FATOR MODERADOR
5708;71217;BRADESCO;FATOR MODERADOR
5712;72602;BRADESCO;FATOR MODERADOR
5451;74455;BRADESCO;FATURA
9001;729286001;AMIL ;FATURA
9004;729286001;AMIL ;FATOR MODERADOR
6736;729286000;AMIL ;FATURA
6737;729286002;AMIL ;FATURA
6738;729286003;AMIL ;FATURA
6739;729286004;AMIL ;FATURA
301;213533;SUL AMÉRICA;FATURA
9003;213526;SUL AMÉRICA;FATURA
6743;213532;SUL AMÉRICA;FATURA
6745;21041;CARE PLUS;FATURA
6747;20604;CARE PLUS;FATURA
8212;00061743;OMINT;FATURA
135;426157;AMIL ;FATURA
136;426156;AMIL ;FATURA
139;545511;AMIL ;FATURA
138;512165;AMIL ;FATURA
142;704;UNIMED COSTA DO SOL;FATURA
9013;6498;UNIMED CAMPINAS;FATURA
9016;8720037;SEGUROS UNIMED;FATURA
9017;18302;SUL AMÉRICA;FATURA
9018;44627;SUL AMÉRICA;FATURA
9019;8D3AY;SUL AMÉRICA;FATURA
9008;1254266000;AMIL ;FATURA
9009;1254233000;AMIL ;FATURA
4221;1254266000;AMIL ;FATOR MODERADOR
4222;1254233000;AMIL ;FATOR MODERADOR
4223;1254271000;AMIL ;FATURA
4229;92576;OMINT;FATURA
4232;154194;SUL AMÉRICA;FATURA
4233;8E86O;SUL AMÉRICA;FATURA
4234;763702;BRADESCO SPG;FATURA
4235;922146;ODONTOPREV;FATURA
4236;922146;ODONTOPREV;FATURA
4237;21399;SUL AMÉRICA;FATURA
4238;21400;SUL AMÉRICA;FATURA
4239;35421;PRIVIAN;FATURA
4240;636384;ODONTOPREV;FATURA
4241;427533;AMIL ;FATURA
4242;425801;AMIL ;FATURA
4243;72766;BRADESCO;FATURA
4250;12771;UNIMED RIO;FATURA
4255;68221;SUL AMÉRICA;FATURA
4256;68221;SUL AMÉRICA;FATURA
4257;68221;SUL AMÉRICA;FATURA
4270;126766;BRADESCO SPG;FATURA
4272;8002;UNIMED CAPIXABA;FATURA
4273;618175;AMIL ;FATURA
4278;74107;BRADESCO;FATURA
4279;79114;SUL AMÉRICA;FATURA
4280;8F3IY;SUL AMÉRICA;FATURA
4281;162113;SUL AMÉRICA;FATURA
4282;8F59V;SUL AMÉRICA;FATURA
4284;74067 ;BRADESCO;FATURA
4285;8BC42;SUL AMÉRICA;FATURA
4286;691722;AMIL ;FATURA
4287;188319;SUL AMÉRICA;FATURA
7075;8IHXU;SUL AMÉRICA;FATURA
7074;109537;AMIL ;FATURA
7073;59948823;SEGUROS UNIMED;FATURA
4003;403450;BRADESCO SPG;FATURA
4005;403456;BRADESCO SPG;FATURA
6783;21836;ASSIM SAÚDE;FATURA
4021;8729077;SEGUROS UNIMED;FATURA
4022;8729077;SEGUROS UNIMED;FATURA
4023;8729077;SEGUROS UNIMED;FATURA
4024;8729077;SEGUROS UNIMED;FATURA
4025;8729077;SEGUROS UNIMED;FATURA
4026;74067;BRADESCO;FATURA
4027;91791;BRADESCO;FATURA
4102;164802;ODONTOPREV;FATURA
4103;337216;BRADESCO SPG;FATURA
4105;8756538;SEGUROS UNIMED;FATURA
4121;43397;OMINT;FATURA
4122;43397;OMINT;FATURA
4124;511551;BRADESCO SPG;FATURA
2376;70135;SUL AMÉRICA;FATOR MODERADOR
4125;70135;SUL AMÉRICA;FATOR MODERADOR
4126;70135;SUL AMÉRICA;FATURA
4127;190454;SUL AMÉRICA;FATURA
4128;190455;SUL AMÉRICA;FATURA
4131;64630;AMIL ;FATURA
4132;64611;AMIL ;FATURA
4133;92363;OMINT;FATURA
8166;72222;BRADESCO;FATURA
8167;72222;BRADESCO;FATOR MODERADOR
8168;91176;BRADESCO;FATURA
7155;91929;BRADESCO;FATURA
7156;91929;BRADESCO;FATURA
7157;91929;BRADESCO;FATURA
7158;91929;BRADESCO;FATURA
8080;407504000;AMIL ;FATURA
8081;407504000;AMIL ;FATOR MODERADOR
8082;410922000;AMIL ;FATURA
8083;410922000;AMIL ;FATOR MODERADOR
8084;410956000;AMIL ;FATURA
8085;410956000;AMIL ;FATOR MODERADOR
8086;410977000;AMIL ;FATURA
8087;410977000;AMIL ;FATOR MODERADOR
8088;410983000;AMIL ;FATURA
8089;410983000;AMIL ;FATOR MODERADOR
8090;410984000;AMIL ;FATURA
8091;410984000;AMIL ;FATOR MODERADOR
8092;410995000;AMIL ;FATURA
8093;410995000;AMIL ;FATOR MODERADOR
8094;411016000;AMIL ;FATURA
8095;411016000;AMIL ;FATOR MODERADOR
8098;411017000;AMIL ;FATURA
8099;411017000;AMIL ;FATOR MODERADOR
8100;413227000;AMIL ;FATURA
8101;413227000;AMIL ;FATOR MODERADOR
8102;51282000;AMIL ;FATURA
8103;51282000;AMIL ;FATOR MODERADOR
8104;51447000;AMIL ;FATURA
8105;51447000;AMIL ;FATOR MODERADOR
8106;51462000;AMIL ;FATURA
8107;51462000;AMIL ;FATOR MODERADOR
8108;51566000;AMIL ;FATURA
8109;51566000;AMIL ;FATOR MODERADOR
8110;51588000;AMIL ;FATURA
8111;51588000;AMIL ;FATOR MODERADOR
8112;51636000;AMIL ;FATURA
8113;51636000;AMIL ;FATOR MODERADOR
8114;51644000;AMIL ;FATURA
8115;51644000;AMIL ;FATOR MODERADOR
8116;51686000;AMIL ;FATURA
8117;51686000;AMIL ;FATOR MODERADOR
8118;63035000;AMIL ;FATURA
8119;63035000;AMIL ;FATOR MODERADOR
8120;406907000;AMIL ;FATURA
8121;406907000;AMIL ;FATOR MODERADOR
8122;410923000;AMIL ;FATURA
8123;410923000;AMIL ;FATOR MODERADOR
8124;410964000;AMIL ;FATURA
8125;410964000;AMIL ;FATOR MODERADOR
8126;410970000;AMIL ;FATURA
8127;410970000;AMIL ;FATOR MODERADOR
8128;410981000;AMIL ;FATURA
8129;410981000;AMIL ;FATOR MODERADOR
8130;410985000;AMIL ;FATURA
8131;410985000;AMIL ;FATOR MODERADOR
8132;410994000;AMIL ;FATURA
8133;410994000;AMIL ;FATOR MODERADOR
8134;410996000;AMIL ;FATURA
8135;410996000;AMIL ;FATOR MODERADOR
8136;1010674000;AMIL ;FATURA
8137;1010674000;AMIL ;FATOR MODERADOR
8138;1011795000;AMIL ;FATURA
8139;1011795000;AMIL ;FATOR MODERADOR
4139;70497;SUL AMÉRICA;FATURA
4140;70497;SUL AMÉRICA;FATURA
4141;70497;SUL AMÉRICA;FATURA
4142;70497;SUL AMÉRICA;FATURA
4143;70497;SUL AMÉRICA;FATURA
4144;70497;SUL AMÉRICA;FATURA
7012;70497;SUL AMÉRICA;FATOR MODERADOR
7013;70497;SUL AMÉRICA;FATOR MODERADOR
7014;70497;SUL AMÉRICA;FATOR MODERADOR
7015;70497;SUL AMÉRICA;FATOR MODERADOR
7016;70497;SUL AMÉRICA;FATOR MODERADOR
7017;70497;SUL AMÉRICA;FATOR MODERADOR
8591;58725887;PORTO SEGURO;FATURA
4145;58293455;PORTO SEGURO;FATURA
4146;7840;CNU;FATOR MODERADOR
4147;7840;CNU;FATURA
4148;7333;SÃO FRANCISCO;FATURA
4150;8AGIE;SUL AMÉRICA;FATURA
4151;91693;BRADESCO;FATURA
4000;1077617000;AMIL ;FATURA
4001;1077617000;AMIL ;FATOR MODERADOR
4183;536;METLIFE;FATURA
4184;537;METLIFE;FATURA
4186;181499;SUL AMÉRICA;FATURA
4195;89779;SUL AMÉRICA;FATURA
4197;89780;SUL AMÉRICA;FATURA
4198;333690;BRADESCO SPG;FATURA
6751;8JGL2;SUL AMÉRICA;FATURA
6752;8JGL8;SUL AMÉRICA;FATURA
848;181;FARMASEG;FATURA
943;181;FARMASEG;FATOR MODERADOR
2801;50905;CARE PLUS;FATOR MODERADOR
1477;285400;PORTO SEGURO;FATOR MODERADOR
2805;70135;BRADESCO;FATOR MODERADOR
6905;10374221;PORTO SEGURO;FATURA
4312;00244070*3 ;UNIMED BH;FATURA
4315;241812*1;UNIMED BH;FATURA
4317;241812*2;UNIMED BH;FATURA
4319;241812*3;UNIMED BH;FATURA
4321;241812*4;UNIMED BH;FATURA
4289;2011151;UNIMED FESC;FATURA
4290;2011151;UNIMED FESC;FATOR MODERADOR
4291;2011152;UNIMED FESC;FATURA
4292;2011152;UNIMED FESC;FATOR MODERADOR
4293;2011153;UNIMED FESC;FATURA
4294;2011153;UNIMED FESC;FATOR MODERADOR
4295;2011154;UNIMED FESC;FATURA
4296;2011154;UNIMED FESC;FATOR MODERADOR
4297;2011155;UNIMED FESC;FATURA
4298;2011155;UNIMED FESC;FATOR MODERADOR
4299;2011156;UNIMED FESC;FATURA
4300;2011156;UNIMED FESC;FATOR MODERADOR
4301;2011157;UNIMED FESC;FATURA
4302;2011157;UNIMED FESC;FATOR MODERADOR
4303;2011158;UNIMED FESC;FATURA
4304;2011158;UNIMED FESC;FATOR MODERADOR
4305;2011159;UNIMED FESC;FATURA
4306;2011159;UNIMED FESC;FATOR MODERADOR
4307;2011160;UNIMED FESC;FATURA
4308;2011160;UNIMED FESC;FATOR MODERADOR
4309;2011161;UNIMED FESC;FATURA
4310;2011161;UNIMED FESC;FATOR MODERADOR
4311;00244070*3 ;UNIMED BH;FATOR MODERADOR
4323;254764*1;UNIMED BH;FATURA
4313;0241812;UNIMED BH;FATOR MODERADOR
4314;241812*1;UNIMED BH;FATOR MODERADOR
4370;244070*1;UNIMED BH;FATURA
4316;241812*2;UNIMED BH;FATOR MODERADOR
4371;244070*2;UNIMED BH;FATURA
4318;241812*3;UNIMED BH;FATOR MODERADOR
4320;241812*4;UNIMED BH;FATOR MODERADOR
4322;254764*1;UNIMED BH;FATOR MODERADOR
4324;26922;SÃO FRANCISCO;FATURA
4325;26924;SÃO FRANCISCO;FATURA
4326;26926;SÃO FRANCISCO;FATURA
4327;26928;SÃO FRANCISCO;FATURA
4328;26930;SÃO FRANCISCO;FATURA
4329;26932;SÃO FRANCISCO;FATURA
4330;27026;SÃO FRANCISCO;FATURA
4331;27028;SÃO FRANCISCO;FATURA
4332;27030;SÃO FRANCISCO;FATURA
4333;27032;SÃO FRANCISCO;FATURA
4334;33791;ODONTOPREV;FATURA
4335;33793;ODONTOPREV;FATURA
4336;33796;ODONTOPREV;FATURA
4337;33798;ODONTOPREV;FATURA
4338;33799;ODONTOPREV;FATURA
4339;33800;ODONTOPREV;FATURA
4340;33801;ODONTOPREV;FATURA
4341;33802;ODONTOPREV;FATURA
4342;33803;ODONTOPREV;FATURA
4343;41922;SÃO FRANCISCO;FATURA
4344;317771;ODONTOPREV;FATURA
4345;897835000;AMIL ;FATURA
4346;897836000;ONE HEALTH;FATURA
4347;899458000;AMIL ;FATURA
4348;899459000;AMIL ;FATURA
4349;899460000;AMIL ;FATURA
4350;899461000;AMIL ;FATURA
4351;899462000;AMIL ;FATURA
4352;899467000;AMIL ;FATURA
4353;899468000;ONE HEALTH;FATURA
4354;899469000;AMIL ;FATURA
4355;899470000;AMIL ;FATURA
4356;899471000;AMIL ;FATURA
4357;899472000;AMIL ;FATURA
4358;899473000;AMIL ;FATURA
4359;899481000;AMIL ;FATURA
4360;899482000;ONE HEALTH;FATURA
4361;899483000;AMIL ;FATURA
4362;899484000;AMIL ;FATURA
4363;899485000;AMIL ;FATURA
4364;899486000;ONE HEALTH;FATURA
4365;899487000;ONE HEALTH;FATURA
4366;1120436000;AMIL ;FATURA
4367;0244070*1;UNIMED BH;FATOR MODERADOR
4368;033790;ODONTOPREV;FATURA
4369;033797;ODONTOPREV;FATURA
6755;897836000;ONE HEALTH;FATOR MODERADOR
6756;899468000;ONE HEALTH;FATOR MODERADOR
6757;899469000;AMIL ;FATOR MODERADOR
6758;899482000;ONE HEALTH;FATURA
6759;899481000;AMIL;FATURA
6760;899486000;ONE HEALTH;FATURA
6761;899483000;AMIL;FATURA
6762;899487000;ONE HEALTH;FATURA
6763;899484000;AMIL;FATURA
6764;899485000;AMIL;FATURA
4372;73019;BRADESCO;FATOR MODERADOR
4373;73019;BRADESCO;FATURA
4374;73019;BRADESCO;FATURA
4375;51913;ODONTOPREV;FATURA
4379;12360;ODONTOPREV;FATURA
4380;324504;UNIMED CAMPINAS;FATURA
4381;463380;BRADESCO SPG;FATURA
4382;906383;ODONTOPREV;FATURA
4384;404408;UNIMED CAMPINAS;FATURA
4385;44582;SUL AMÉRICA;FATURA
4386;404408;UNIMED CAMPINAS;FATURA
4387;8JIA3;SUL AMÉRICA;FATOR MODERADOR
4388;8JIA3;SUL AMÉRICA;FATURA
68;74141;BRADESCO;FATOR MODERADOR
1243;74141;BRADESCO;FATURA
4389;1202936000;AMIL ;FATOR MODERADOR
4390;1202936000;AMIL ;FATURA
849;179;FARMASEG;FATURA
944;179;FARMASEG;FATOR MODERADOR
4391;70417;SUL AMÉRICA;FATURA
4396;8BKI0;SUL AMÉRICA;FATOR MODERADOR
4397;8BKI0;SUL AMÉRICA;FATURA
4398;8BKI2;SUL AMÉRICA;FATOR MODERADOR
4399;8BKI2;SUL AMÉRICA;FATURA
4400;8FN02;SUL AMÉRICA;FATOR MODERADOR
4401;8FN02;SUL AMÉRICA;FATURA
4402;8FN03 ;SUL AMÉRICA;FATOR MODERADOR
4403;8FN03 ;SUL AMÉRICA;FATURA
4404;8FN04;SUL AMÉRICA;FATOR MODERADOR
4405;8FN04;SUL AMÉRICA;FATURA
4406;116267;SUL AMÉRICA;FATURA
4407;116275;SUL AMÉRICA;FATURA
4408;164848;SUL AMÉRICA;FATURA
4409;168522;SUL AMÉRICA;FATURA
4410;463770;BRADESCO SPG;FATURA
4411;8F527;SUL AMÉRICA;FATOR MODERADOR
4412;8F527;SUL AMÉRICA;FATURA
4413;2938;METLIFE;FATURA
4414;134921;UNIMED NORDESTE;FATURA
4420;97011572;GNDI;FATOR MODERADOR
4421;97011572;GNDI;FATOR MODERADOR
4422;97011572;GNDI;FATURA
4423;97011573;GNDI;FATOR MODERADOR
4424;97011573;GNDI;FATOR MODERADOR
4425;97011573;GNDI;FATURA
4426;97011574;GNDI;FATOR MODERADOR
4427;97011574;GNDI;FATOR MODERADOR
4428;97011574;GNDI;FATURA
8385;469523;BRADESCO;FATURA
8042;74185;BRADESCO;FATURA
8050;91897;BRADESCO;FATURA
4437;8IZ99;SUL AMÉRICA;FATOR MODERADOR
4438;8IZ99;SUL AMÉRICA;FATURA
4439;8IZ9G;SUL AMÉRICA;FATOR MODERADOR
4440;8IZ9G;SUL AMÉRICA;FATURA
4441;8IZ9M;SUL AMÉRICA;FATOR MODERADOR
4442;8IZ9M;SUL AMÉRICA;FATURA
4443;8IZ9N;SUL AMÉRICA;FATOR MODERADOR
4444;8IZ9N;SUL AMÉRICA;FATURA
4445;192055;SUL AMÉRICA;FATURA
4446;192058;SUL AMÉRICA;FATURA
4447;192059;SUL AMÉRICA;FATURA
4448;192060;SUL AMÉRICA;FATURA
7917;74544;BRADESCO;FATURA
7918;93312;BRADESCO;FATURA
4452;21724;CARE PLUS;FATURA
4453;52058;CARE PLUS;FATURA
8599;2070;GOOD CARD;FATURA
8600;70229;GOOD CARD;FATURA
4455;972644;ODONTOPREV;FATURA
4458;8E86N;SUL AMÉRICA;FATURA
4459;154195;SUL AMÉRICA;FATURA
4460;372210;BRADESCO SPG;FATURA
4461;372210;BRADESCO SPG;FATURA
4462;372210;BRADESCO SPG;FATURA
4463;372210;BRADESCO SPG;FATURA
4464;372210;BRADESCO SPG;FATURA
4465;372211;BRADESCO SPG;FATURA
4466;372211;BRADESCO SPG;FATURA
4467;372211;BRADESCO SPG;FATURA
4468;372211;BRADESCO SPG;FATURA
4469;372211;BRADESCO SPG;FATURA
69;111;FARMASEG;FATOR MODERADOR
4456;39482;SUL AMÉRICA;FATURA
4457;74113;BRADESCO;FATURA
8142;74113;BRADESCO;FATOR MODERADOR
7141;24994020469;SEGUROS UNIMED;FATURA
7142;24994020470;SEGUROS UNIMED;FATURA
4470;39713;OMINT;FATURA
4471;70089;BRADESCO;FATURA
4472;70089;BRADESCO;FATURA
4473;91591;BRADESCO;FATURA
4474;91591;BRADESCO;FATURA
7168;70089;BRADESCO;FATURA
7170;70089;BRADESCO;FATURA
7171;70089;BRADESCO;FATURA
7172;70089;BRADESCO;FATURA
7175;91591;BRADESCO;FATURA
a7176;91591;BRADESCO;FATURA
a7177;91591;BRADESCO;FATURA
4475;126265;BRADESCO SPG;FATURA
4476;126266;BRADESCO SPG;FATURA
4480;314505;BRADESCO SPG;FATURA
4481;314505;BRADESCO SPG;FATURA
4482;91215;BRADESCO;FATURA
7197;8723559;SEGUROS UNIMED;FATURA
7198;8723559;SEGUROS UNIMED;FATURA
4483;8bkmi;SUL AMÉRICA;FATURA
4484;32706079;BRADESCO SPG;FATURA
4485;02I9G;HAPVIDA;FATOR MODERADOR
4486;02I9G;HAPVIDA;FATURA
4487;02GV5;HAPVIDA;FATURA
4488;02I9B;HAPVIDA;FATURA
4489;02I9E;HAPVIDA;FATURA
4490;02I9F;HAPVIDA;FATURA
4491;02I9U;HAPVIDA;FATURA
4492;02I9Y;HAPVIDA;FATURA
4493;02IA3;HAPVIDA;FATURA
4494;02IGN;HAPVIDA;FATURA
4495;58691545;PORTO SEGURO;FATURA
4496;58691545;PORTO SEGURO;FATURA
4497;58691545;PORTO SEGURO;FATURA
4498;58691545;PORTO SEGURO;FATURA
4499;58691545;PORTO SEGURO;FATURA
4500;10587984;PORTO SEGURO;FATURA
4501;10587984;PORTO SEGURO;FATURA
4502;10587984;PORTO SEGURO;FATURA
4503;10587984;PORTO SEGURO;FATURA
4504;10587984;PORTO SEGURO;FATURA
6753;10587984;PORTO SEGURO;FATURA
6766;10587984;PORTO SEGURO;FATURA
4505;9333;BRADESCO;FATURA
4506;8707450;SEGUROS UNIMED;FATURA
a6704;300764;BRADESCO SPG;FATURA
a6705;300764;BRADESCO SPG;FATURA
a6706;300764;BRADESCO SPG;FATURA
4507;472397;BRADESCO SPG;FATURA
4508;28869;HAPVIDA;FATURA
4510;874678;ODONTOPREV;FATURA
8163;20939;ODONTOPREV;FATURA
8164;20939;ODONTOPREV;FATURA
4511;B1876;HAPVIDA;FATOR MODERADOR
4512;B1876;HAPVIDA;FATURA
4513;464742;BRADESCO SPG;FATURA
4514;464787;BRADESCO SPG;FATURA
1996;74255;BRADESCO;FATOR MODERADOR
5488;74255;BRADESCO;FATURA
5489;74255;BRADESCO;FATURA
5490;74255;BRADESCO;FATURA
5491;4868;METLIFE;FATURA
1989;74036;BRADESCO;FATOR MODERADOR
4519;74036;BRADESCO;FATURA
4520;91746;BRADESCO;FATURA
4521;703700006;SUL AMÉRICA;FATURA
6765;999813650;SUL AMÉRICA;FATURA
7625;703700006;SUL AMÉRICA;FATOR MODERADOR
1582;74383;BRADESCO;FATURA
4523;18294;METLIFE;FATURA
4524;18297;METLIFE;FATURA
4525;544633;BRADESCO SPG;FATURA
2270;1110758;AMIL ;FATOR MODERADOR
4527;7167;SUL AMÉRICA;FATURA
4528;13994;SUL AMÉRICA;FATURA
4529;369061;ODONTOPREV;FATURA
4530;378550;ODONTOPREV;FATURA
4551;73561;BRADESCO;FATURA
4552;91366;BRADESCO;FATURA
4554;858457;ODONTOPREV;FATURA
8039;285809000;AMIL ;FATOR MODERADOR
8041;1004315000;AMIL ;FATOR MODERADOR
4556;302212;BRADESCO SPG;FATURA
4557;302212;BRADESCO SPG;FATURA
4558;1930;METLIFE;FATURA
4560;7117;METLIFE;FATURA
4561;438105;UNIMED CAMPINAS;FATURA
4563;607084;BRADESCO SPG;FATURA
8023;72408;BRADESCO;FATURA
8024;72408;BRADESCO;FATURA
8025;72408;BRADESCO;FATURA
8026;72408;BRADESCO;FATURA
8027;72408;BRADESCO;FATURA
8028;72408;BRADESCO;FATURA
8031;72409;BRADESCO;FATURA
8032;72409;BRADESCO;FATURA
8033;90359;BRADESCO;FATURA
8034;90359;BRADESCO;FATURA
8035;90359;BRADESCO;FATURA
8036;90359;BRADESCO;FATURA
992;15923;CNU;FATOR MODERADOR
4572;59941333;SEGUROS UNIMED;FATOR MODERADOR
4573;59941333;SEGUROS UNIMED;FATURA
4574;92075;BRADESCO;FATURA
4575;426399;BRADESCO SPG;FATURA
4576;9802766;ALLIANZ;FATURA
4577;71857;BRADESCO;FATURA
4578;92620;BRADESCO;FATURA
6785;6426;METLIFE;FATURA
6786;6426;METLIFE;FATOR MODERADOR
6787;365886;BRADESCO SPG;FATURA
6788;365886;BRADESCO SPG;FATOR MODERADOR
7919;73301;BRADESCO;FATURA
7920;73301;BRADESCO;FATURA
8311;895850001;AMIL ;FATURA
a7184;72499;BRADESCO;FATURA
7961;99532;SUL AMÉRICA;FATURA
7966;90363;BRADESCO;FATURA
7967;60305;OMINT;FATURA
4688;899858;ODONTOPREV;FATURA
4689;899858;ODONTOPREV;FATURA
4690;899858;ODONTOPREV;FATURA
4691;899858;ODONTOPREV;FATURA
4692;899858;ODONTOPREV;FATURA
4693;899858;ODONTOPREV;FATURA
4694;899858;ODONTOPREV;FATURA
4695;899858;ODONTOPREV;FATURA
4696;899858;ODONTOPREV;FATURA
4697;899858;ODONTOPREV;FATURA
4698;899858;ODONTOPREV;FATURA
4699;899858;ODONTOPREV;FATURA
4700;899858;ODONTOPREV;FATURA
4701;899858;ODONTOPREV;FATURA
4702;899858;ODONTOPREV;FATURA
4703;899858;ODONTOPREV;FATURA
4704;899858;ODONTOPREV;FATURA
4705;899858;ODONTOPREV;FATURA
4706;899858;ODONTOPREV;FATURA
4707;899858;ODONTOPREV;FATURA
4708;899858;ODONTOPREV;FATURA
4709;899858;ODONTOPREV;FATURA
4710;899858;ODONTOPREV;FATURA
4711;899858;ODONTOPREV;FATURA
4712;899858;ODONTOPREV;FATURA
4713;899858;ODONTOPREV;FATURA
4714;899858;ODONTOPREV;FATURA
4715;899858;ODONTOPREV;FATURA
4716;899858;ODONTOPREV;FATURA
4717;899858;ODONTOPREV;FATURA
4718;899858;ODONTOPREV;FATURA
4719;899858;ODONTOPREV;FATURA
4720;899858;ODONTOPREV;FATURA
4721;899858;ODONTOPREV;FATURA
4722;899858;ODONTOPREV;FATURA
4723;1243378000;AMIL ;FATURA
4724;1243962000;AMIL ;FATURA
4725;1243963000;AMIL ;FATURA
4726;1243964000;AMIL ;FATURA
4727;1243967000;AMIL ;FATURA
4728;1243970000;AMIL ;FATURA
4729;1243971000;AMIL ;FATURA
4730;1243995000;AMIL ;FATURA
4731;1244860000;AMIL ;FATURA
4732;1244861000;AMIL ;FATURA
4733;1244862000;AMIL ;FATURA
4734;1244863000;AMIL ;FATURA
4735;1244864000;AMIL ;FATURA
4736;1244865000;AMIL ;FATURA
4737;1244866000;AMIL ;FATURA
4738;1244867000;AMIL ;FATURA
4739;1243378000;AMIL ;FATOR MODERADOR
4740;1243962000;AMIL ;FATOR MODERADOR
4741;1243963000;AMIL ;FATOR MODERADOR
4742;1243964000;AMIL ;FATOR MODERADOR
4743;1243967000;AMIL ;FATOR MODERADOR
4744;1243970000;AMIL ;FATOR MODERADOR
4745;1243971000;AMIL ;FATOR MODERADOR
4746;1243995000;AMIL ;FATOR MODERADOR
4747;1244860000;AMIL ;FATOR MODERADOR
4748;1244861000;AMIL ;FATOR MODERADOR
4749;1244862000;AMIL ;FATOR MODERADOR
4750;1244863000;AMIL ;FATOR MODERADOR
4751;1244864000;AMIL ;FATOR MODERADOR
4752;1244865000;AMIL ;FATOR MODERADOR
4753;1244866000;AMIL ;FATOR MODERADOR
4754;1244867000;AMIL ;FATOR MODERADOR
7507;1279889000;AMIL ;FATURA
7508;1279892000;AMIL ;FATURA
7509;1279893000;AMIL ;FATURA
7510;1279894000;AMIL ;FATURA
7511;1279896000;AMIL ;FATURA
7512;1279890000;AMIL ;FATURA
7513;1279889000;AMIL ;FATOR MODERADOR
7514;1279892000;AMIL ;FATOR MODERADOR
7515;1279893000;AMIL ;FATOR MODERADOR
7516;1279894000;AMIL ;FATOR MODERADOR
7517;1279896000;AMIL ;FATOR MODERADOR
7518;1279890000;AMIL ;FATOR MODERADOR
4755;54407000;AMIL ;FATOR MODERADOR
4756;54416000;AMIL ;FATOR MODERADOR
137;50;FARMASEG;FATOR MODERADOR
4777;9802787;ALLIANZ;FATURA
4782;71197;BRADESCO;FATOR MODERADOR
4783;71197;BRADESCO;FATURA
4784;470043;BRADESCO SPG;FATURA
4785;470044;BRADESCO SPG;FATURA
4786;5994014501;SEGUROS UNIMED;FATURA
4787;59946389;SEGUROS UNIMED;FATURA
4788;59947142;SEGUROS UNIMED;FATURA
4789;74497;BRADESCO;FATURA
4790;1155938000;AMIL ;FATURA
7534;1164460000;AMIL ;FATURA
7921;72541;BRADESCO;FATURA
7924;91297;BRADESCO;FATURA
4791;28249;SÃO FRANCISCO;FATURA
4793;8760390;SEGUROS UNIMED;FATURA
4794;8760390;SEGUROS UNIMED;FATOR MODERADOR
4796;18211;METLIFE;FATURA
4798;74490;BRADESCO;FATURA
4799;886481;ODONTOPREV;FATURA
4800;728119;GOLDEN CROSS;FATURA
4805;8716730;SEGUROS UNIMED;FATURA
4808;8716730;SEGUROS UNIMED;FATURA
4811;8716730;SEGUROS UNIMED;FATURA
4814;8716730;SEGUROS UNIMED;FATURA
4803;8716730;SEGUROS UNIMED;FATOR MODERADOR
4804;8716730;SEGUROS UNIMED;FATOR MODERADOR
4817;8716730;SEGUROS UNIMED;FATURA
4806;8716730;SEGUROS UNIMED;FATOR MODERADOR
4807;8716730;SEGUROS UNIMED;FATOR MODERADOR
4820;8716730;SEGUROS UNIMED;FATURA
4826;143705;UNIMED ODONTO;FATOR MODERADOR
4809;8716730;SEGUROS UNIMED;FATOR MODERADOR
4810;8716730;SEGUROS UNIMED;FATOR MODERADOR
4812;8716730;SEGUROS UNIMED;FATOR MODERADOR
4813;8716730;SEGUROS UNIMED;FATOR MODERADOR
4815;8716730;SEGUROS UNIMED;FATOR MODERADOR
4816;8716730;SEGUROS UNIMED;FATOR MODERADOR
4818;8716730;SEGUROS UNIMED;FATOR MODERADOR
4819;8716730;SEGUROS UNIMED;FATOR MODERADOR
4829;19180;UNIODONTO;FATURA
4831;44037;AMIL ;FATURA
4833;189523;ODONTOPREV;FATURA
4834;74193;BRADESCO;FATOR MODERADOR
4835;74193;BRADESCO;FATURA
159;70851;BRADESCO;FATURA
4902;81710;AMIL ;FATURA
7205;18906;METLIFE;FATURA
7206;18906;METLIFE;FATURA
7207;18906;METLIFE;FATURA
7208;18906;METLIFE;FATURA
7209;18906;METLIFE;FATURA
7211;18906;METLIFE;FATURA
7212;18906;METLIFE;FATURA
7213;18906;METLIFE;FATURA
4903;154942;SUL AMÉRICA;FATURA
4908;3746;METLIFE;FATURA
4909;22901;CARE PLUS;FATURA
8594;91119480;GNDI;FATURA
8595;91119480;GNDI;FATOR MODERADOR
4930;142849;BRADESCO SPG;FATURA
a1734;94003119;GNDI;FATOR MODERADOR
1735;94003119;GNDI;FATURA
4931;61409;OMINT;FATURA
4932;455503;ODONTOPREV;FATURA
2705;4176;METLIFE;FATOR MODERADOR
4937;4176;METLIFE;FATURA
4938;8FDZ3;SUL AMÉRICA;FATURA
171;170;FARMASEG;FATURA
4955;74446;BRADESCO;FATURA
4959;161191;BRADESCO SPG;FATURA
8210;51752;CARE PLUS;FATURA
4960;91633;BRADESCO;FATURA
a8308;91633;BRADESCO;FATURA
4961;589720000;AMIL ;FATURA
4962;1074902000;AMIL ;FATURA
4963;91190;BRADESCO;FATURA
4964;309146;BRADESCO SPG;FATURA
4965;51754;CARE PLUS;FATURA
4966;106726;SUL AMÉRICA;FATURA
4967;8B3HB;SUL AMÉRICA;FATURA
173;70447;BRADESCO;FATURA
174;70447;BRADESCO;FATOR MODERADOR
2043;73639;BRADESCO;FATOR MODERADOR
4968;229;ODONTOPREV;FATURA
4970;73639;BRADESCO;FATURA
4971;59943883;SEGUROS UNIMED;FATOR MODERADOR
4972;59943883;SEGUROS UNIMED;FATURA
4973;59943879;SEGUROS UNIMED;FATOR MODERADOR
4974;59943879;SEGUROS UNIMED;FATURA
4975;59943882;SEGUROS UNIMED;FATOR MODERADOR
4976;59943882;SEGUROS UNIMED;FATURA
4977;59943887;SEGUROS UNIMED;FATOR MODERADOR
4978;59943887;SEGUROS UNIMED;FATURA
4979;59943892;SEGUROS UNIMED;FATOR MODERADOR
4980;59943892;SEGUROS UNIMED;FATURA
4981;59943894;SEGUROS UNIMED;FATOR MODERADOR
4982;59943894;SEGUROS UNIMED;FATURA
4983;59943902;SEGUROS UNIMED;FATOR MODERADOR
4984;59943902;SEGUROS UNIMED;FATURA
4985;59943905;SEGUROS UNIMED;FATOR MODERADOR
4986;59943905;SEGUROS UNIMED;FATURA
4987;59943930;SEGUROS UNIMED;FATOR MODERADOR
4988;59943930;SEGUROS UNIMED;FATURA
4989;59943931;SEGUROS UNIMED;FATOR MODERADOR
4990;59943931;SEGUROS UNIMED;FATURA
4991;59943956;SEGUROS UNIMED;FATOR MODERADOR
4992;59943956;SEGUROS UNIMED;FATURA
4993;59943958;SEGUROS UNIMED;FATOR MODERADOR
4994;59943958;SEGUROS UNIMED;FATURA
4996;87548;OMINT;FATURA
4997;67141;SUL AMÉRICA;FATURA
4998;186858;SUL AMÉRICA;FATURA
6789;106383;BRADESCO SPG;FATURA
6790;106382;BRADESCO SPG;FATURA
6794;10784;SUL AMÉRICA;FATURA
6795;75809;SUL AMÉRICA;FATURA
7195;8709459;SEGUROS UNIMED;FATURA
7196;8719403;SEGUROS UNIMED;FATURA
7199;8709459;SEGUROS UNIMED;FATOR MODERADOR
7200;8719403;SEGUROS UNIMED;FATOR MODERADOR
7989;9981;BRADESCO;FATURA
7990;92518;BRADESCO;FATURA
5005;691722;AMIL ;FATURA
5006;73724;BRADESCO;FATURA
5007;73724;BRADESCO;FATURA
5008;91484;BRADESCO;FATURA
5009;91484;BRADESCO;FATURA
5010;633300;ODONTOPREV;FATURA
5015;93450;BRADESCO;FATOR MODERADOR
5016;93450;BRADESCO;FATURA
5017;472484;BRADESCO SPG;FATURA
5018;5546;SÃO FRANCISCO;FATURA
5019;169370;SUL AMÉRICA;FATURA
5020;8FPPZ;SUL AMÉRICA;FATURA
5021;872870;SEGUROS UNIMED;FATURA
5022;12362;ODONTOPREV;FATURA
5027;1152575000;AMIL ;FATURA
5028;72529;BRADESCO;FATURA
5029;90394;BRADESCO;FATURA
5036;466412;BRADESCO SPG;FATURA
5037;466449;BRADESCO SPG;FATURA
5038;1000100000;AMIL ;FATURA
5039;1000100000;AMIL ;FATURA
5040; 1000100009;AMIL ;FATURA
5041;1000100001;AMIL ;FATURA
5042;1000100002 ;AMIL ;FATURA
5043;1000100003;AMIL ;FATURA
5044;1000100004 ;AMIL ;FATURA
5045;1000100005;AMIL ;FATURA
378;1000100013;AMIL ;FATURA
7968;5994015519;SEGUROS UNIMED;FATURA
197;417399;AMIL ;FATOR MODERADOR
198;417409;AMIL ;FATOR MODERADOR
199;417794;AMIL ;FATOR MODERADOR
200;417459;AMIL ;FATOR MODERADOR
201;417449;AMIL ;FATOR MODERADOR
202;417639;AMIL ;FATOR MODERADOR
203;417593;AMIL ;FATOR MODERADOR
204;417497;AMIL ;FATOR MODERADOR
205;417649;AMIL ;FATOR MODERADOR
206;417569;AMIL ;FATOR MODERADOR
207;417629;AMIL ;FATOR MODERADOR
208;417796;AMIL ;FATOR MODERADOR
209;417900;AMIL ;FATOR MODERADOR
210;417919;AMIL ;FATOR MODERADOR
211;417921;AMIL ;FATOR MODERADOR
212;417579;AMIL ;FATOR MODERADOR
213;417795;AMIL ;FATOR MODERADOR
214;417397;AMIL ;FATOR MODERADOR
215;417619;AMIL ;FATOR MODERADOR
216;417719;AMIL ;FATOR MODERADOR
217;417399;AMIL ;FATURA
218;417409;AMIL ;FATURA
219;417794;AMIL ;FATURA
220;417449;AMIL ;FATURA
221;417639;AMIL ;FATURA
222;417593;AMIL ;FATURA
223;417497;AMIL ;FATURA
224;417649;AMIL ;FATURA
225;417569;AMIL ;FATURA
226;417629;AMIL ;FATURA
227;417796;AMIL ;FATURA
228;417900;AMIL ;FATURA
229;417919;AMIL ;FATURA
230;417921;AMIL ;FATURA
231;417579;AMIL ;FATURA
232;417795;AMIL ;FATURA
233;417397;AMIL ;FATURA
234;417619;AMIL ;FATURA
235;417719;AMIL ;FATURA
236;417901;AMIL ;FATOR MODERADOR
237;417429;AMIL ;FATOR MODERADOR
238;413769;AMIL ;FATOR MODERADOR
239;417920;AMIL ;FATOR MODERADOR
240;417922;AMIL ;FATOR MODERADOR
241;417901;AMIL ;FATURA
242;417429;AMIL ;FATURA
243;413769;AMIL ;FATURA
244;417920;AMIL ;FATURA
245;417922;AMIL ;FATURA
1019;413759;AMIL ;FATOR MODERADOR
1020;417398;AMIL ;FATOR MODERADOR
1021;413759;AMIL ;FATURA
1022;417398;AMIL ;FATURA
5047;8E7BP;SUL AMÉRICA;FATOR MODERADOR
5048;8E7BP;SUL AMÉRICA;FATURA
5051;8FB70;SUL AMÉRICA;FATURA
6774;202010;SUL AMÉRICA;FATURA
5052;293092;ODONTOPREV;FATURA
5053;456802000;AMIL ;FATURA
5054;460028000;AMIL ;FATURA
5055;483156000;AMIL ;FATURA
5056;5994010182 ;SEGUROS UNIMED;FATOR MODERADOR
5057;5994010182 ;SEGUROS UNIMED;FATURA
5058;59945159 ;SEGUROS UNIMED;FATOR MODERADOR
5059;59945159 ;SEGUROS UNIMED;FATURA
7615;74016;BRADESCO;FATURA
7616;74016;BRADESCO;FATURA
7916;35373;PRIVIAN;FATURA
250;44;FARMASEG;FATOR MODERADOR
5060;21041;METLIFE;FATURA
5063;21048;METLIFE;FATURA
5064;21049;METLIFE;FATURA
5065;21050;METLIFE;FATURA
5066;21051;METLIFE;FATURA
5067;21052;METLIFE;FATURA
5068;74385;BRADESCO;FATURA
5069;219475;UNIMED BH;FATURA
7077;74385;BRADESCO;FATOR MODERADOR
5070;91041;BRADESCO;FATURA
5071;243866;UNIMED BH;FATURA
5072;243873;UNIMED BH;FATURA
7078;91041;BRADESCO;FATOR MODERADOR
2275;70306;BRADESCO;FATURA
2276;70306;BRADESCO;FATOR MODERADOR
5074;5759;PROMED;FATURA
256;75004;BRADESCO;FATURA
257;90427;BRADESCO;FATURA
a7139;106941;GNDI;FATURA
7140;106941;GNDI;FATOR MODERADOR
5076;72291;BRADESCO;FATURA
5077;91194;BRADESCO;FATURA
5079;056883;ODONTOPREV;FATURA
a6707;117007;UNIMED RIO;FATURA
2;57617;ODONTOPREV;FATURA
873;8204;CNU;FATURA
873;8204;CNU;FATOR MODERADOR
1349;8204;CNU;FATOR MODERADOR
1350;8205;CNU;FATOR MODERADOR
5086;12763;ODONTOPREV;FATURA
573;8842;GNDI;FATURA
6791;20932;ASSIM SAÚDE;FATURA
7925;4199125410;PROMED;FATURA
7926;835442000;AMIL ;FATURA
7927;73835;BRADESCO;FATURA
5089;5994015652;SEGUROS UNIMED;FATOR MODERADOR
5090;5994015652;SEGUROS UNIMED;FATURA
5100;71018;BRADESCO;FATURA
5101;857758;ODONTOPREV;FATURA
5102;915407 ;ODONTOPREV;FATURA
5105;5994014524;SEGUROS UNIMED;FATURA
5106;473187155;SAUDE SIM;FATURA
7150;1002784;AMIL ;FATURA
7189;22717;HAPVIDA;FATURA
7190;22718;HAPVIDA;FATURA
7193;97010431;GNDI;FATURA
7193;97010431;GNDI;FATURA
7194;97010431;GNDI;FATOR MODERADOR
7194;97010431;GNDI;FATOR MODERADOR
7201;8FCWO;SUL AMÉRICA;FATURA
7202;8FCWO;SUL AMÉRICA;FATOR MODERADOR
7203;8FCWW;SUL AMÉRICA;FATURA
7204;8FCWW;SUL AMÉRICA;FATOR MODERADOR
8021;20689;CNU;FATURA
8022;20689;CNU;FATOR MODERADOR
5107;51398;CARE PLUS;FATURA
5108;51398;CARE PLUS;FATURA
5109;983459;AMIL ;FATURA
a8588;501825;UNIMED VARGINHA;FATURA
a8589;501825;UNIMED VARGINHA;FATOR MODERADOR
8588;501826;UNIMED VARGINHA;FATURA
8589;501826;UNIMED VARGINHA;FATOR MODERADOR
3343;38593;SUL AMÉRICA;FATOR MODERADOR
5114;38593;SUL AMÉRICA;FATURA
5116;71339;SUL AMÉRICA;FATURA
5117;77930;SUL AMÉRICA;FATURA
5118;77930;SUL AMÉRICA;FATURA
5119;3536;E-PHARMA;FATURA
5120;8606;UNIMED UBERABA;FATURA
5121;79434;SUL AMÉRICA;FATURA
5122;144794;SUL AMÉRICA;FATURA
7108;193948;SUL AMÉRICA;FATURA
7109;193949;SUL AMÉRICA;FATURA
a7982;5550;UNIMED UBERABA;FATURA
291;120;FARMASEG;FATURA
7134;93528;BRADESCO;FATURA
7985;74411;BRADESCO;FATURA
7983;93528;BRADESCO;FATURA
7984;93528;BRADESCO;FATURA
a7986;74411;BRADESCO;FATURA
a7987;74411;BRADESCO;FATURA
a7988;74411;BRADESCO;FATURA
8140;74411;BRADESCO;FATURA
a6689;19947001;SEGUROS UNIMED;FATOR MODERADOR
7104;19947001;SEGUROS UNIMED;FATURA
5127;7904;BRADESCO;FATURA
5128;9634;BRADESCO;FATURA
a7168;6074;BRADESCO;FATURA
7159;92725;BRADESCO;FATURA
1773;1130971000;AMIL;FATURA
2086;1130970000;AMIL ;FATOR MODERADOR
2087;1130983000;AMIL ;FATOR MODERADOR
2088;1130984000;AMIL ;FATOR MODERADOR
2089;1130985000;AMIL ;FATOR MODERADOR
5129;1130970000;AMIL ;FATURA
5130;1130983000;AMIL ;FATURA
5131;1130984000;AMIL ;FATURA
5132;1130985000;AMIL ;FATURA
5133;"	94003936";GNDI;FATURA
5135;1130986000;AMIL;FATURA
5136;1130988000;AMIL;FATURA
7137;1130971000;AMIL;FATOR MODERADOR
7138;1130986000;AMIL;FATOR MODERADOR
7139;1130988000;AMIL;FATOR MODERADOR
304;105;FARMASEG;FATOR MODERADOR
5158;152944;SUL AMÉRICA;FATURA
5160;152945;SUL AMÉRICA;FATURA
5161;467733;BRADESCO SPG;FATURA
5165;9544;CARE PLUS;FATURA
5166;561470;PRIVIAN;FATURA
5167;16249;METLIFE;FATURA
5172;42710;ODONTOPREV;FATURA
5170;443525;BRADESCO SPG;FATURA
5171;443525;BRADESCO SPG;FATURA
5181;21991;CARE PLUS;FATURA
5184;865619;ODONTOPREV;FATURA
5185;506058000;AMIL ;FATOR MODERADOR
5186;506085000;AMIL ;FATOR MODERADOR
5208;73094;BRADESCO;FATOR MODERADOR
7181;445562;BRADESCO SPG;FATURA
5255;1168565;AMIL ;FATOR MODERADOR
5256;1168565;AMIL ;FATURA
8219;1167603000;AMIL ;FATURA
8220;1167603001;AMIL ;FATURA
8221;1167606000;AMIL ;FATURA
8222;1167606001;AMIL ;FATURA
8224;1167607000;AMIL ;FATURA
8225;1167607001;AMIL ;FATURA
8226;1167608000;AMIL ;FATURA
8227;1167608002;AMIL ;FATURA
8228;1167608005;AMIL ;FATURA
8229;1168016000;AMIL ;FATURA
8231;1185337000;AMIL ;FATURA
8232;1185338000;AMIL ;FATURA
8233;1185339000;AMIL ;FATURA
8234;1185340000;AMIL ;FATURA
8235;1167603000;AMIL ;FATOR MODERADOR
8236;1167603001;AMIL ;FATOR MODERADOR
8237;1167606000;AMIL ;FATOR MODERADOR
8238;1167606001;AMIL ;FATOR MODERADOR
8240;1167607000;AMIL ;FATOR MODERADOR
8241;1167607001;AMIL ;FATOR MODERADOR
8242;1167608000;AMIL ;FATOR MODERADOR
8243;1167608002;AMIL ;FATOR MODERADOR
8244;1167608005;AMIL ;FATOR MODERADOR
8245;1168016000;AMIL ;FATOR MODERADOR
8247;1185337000;AMIL ;FATOR MODERADOR
8248;1185338000;AMIL ;FATOR MODERADOR
8249;1185339000;AMIL ;FATOR MODERADOR
8250;1185340000;AMIL ;FATOR MODERADOR
1338;74219;BRADESCO;FATOR MODERADOR
5274;74219;BRADESCO;FATURA
5275;74219;BRADESCO;FATURA
5276;74219;BRADESCO;FATURA
5277;74219;BRADESCO;FATURA
5278;91945;BRADESCO;FATURA
5279;91945;BRADESCO;FATURA
5280;91945;BRADESCO;FATURA
5281;91945;BRADESCO;FATURA
479;70240;BRADESCO;FATURA
1129;71347;BRADESCO;FATOR MODERADOR
1130;71347;BRADESCO;FATURA
1148;629031;ODONTOPREV;FATURA
2482;73066;BRADESCO;FATOR MODERADOR
2483;70240;BRADESCO;FATOR MODERADOR
7506;73066;BRADESCO;FATURA
8492;71347;BRADESCO;FATURA
8493;70240;BRADESCO;FATURA
8494;70240;BRADESCO;FATURA
8495;70240;BRADESCO;FATURA
8496;70240;BRADESCO;FATURA
8497;70240;BRADESCO;FATURA
8498;70240;BRADESCO;FATURA
8499;70240;BRADESCO;FATURA
8500;73066;BRADESCO;FATURA
5315;1602;UNIMED ARAXA;FATURA
5316;617915;ODONTOPREV;FATURA
5317;28251;SÃO FRANCISCO;FATURA
5336;B4238;HAPVIDA;FATURA
5337;B4238;HAPVIDA;FATURA
5338;92385;BRADESCO;FATURA
5339;92385;BRADESCO;FATURA
5340;92385;BRADESCO;FATURA
5341;467541;BRADESCO;FATURA
5342;467541;BRADESCO;FATURA
5343;B4238;HAPVIDA;FATURA
5344;B4238;HAPVIDA;FATURA
3340;22283;CARE PLUS;FATOR MODERADOR
5345;22283;CARE PLUS;FATURA
5346;22283;CARE PLUS;FATURA
5347;10034;ODONTOPREV;FATURA
5348;74242;BRADESCO;FATURA
5349;171389;ODONTOPREV;FATURA
7053;74242;BRADESCO;FATOR MODERADOR
5440;2734;METLIFE;FATURA
5455;555179;PORTO SEGURO;FATURA
5452;74455;BRADESCO;FATURA
5457;247952;AMIL ;FATURA
5458;247952;AMIL ;FATURA
5459;247952;AMIL ;FATURA
5460;247952;AMIL ;FATURA
8309;1275000000;AMIL ;FATURA
5461;1008014;AMIL ;FATURA
1774;109226;SUL AMÉRICA;FATURA
1775;664330002;SUL AMÉRICA;FATURA
5462;89974;OMINT;FATOR MODERADOR
5463;89974;OMINT;FATURA
5464;89974;OMINT;FATURA
5465;57134;ODONTOPREV;FATURA
5466;57134;ODONTOPREV;FATURA
5467;66220;SUL AMÉRICA;FATURA
492;84126;SUL AMÉRICA;FATURA
5470;865347;ODONTOPREV;FATURA
5469;74132;BRADESCO;FATURA
5471;1138253;AMIL ;FATURA
5472;73759;BRADESCO;FATURA
5473;73759;BRADESCO;FATURA
5474;73759;BRADESCO;FATURA
5475;73759;BRADESCO;FATURA
5476;1167599;AMIL ;FATURA
5477;116760;AMIL;FATURA
5478;97014576;GNDI;FATURA
5481;97014576;GNDI;FATURA
5482;97014576;GNDI;FATURA
5483;97014576;GNDI;FATURA
5484;97014576;GNDI;FATOR MODERADOR
5494;15658;METLIFE;FATURA
5495;15659;METLIFE;FATURA
5496;15660;METLIFE;FATURA
5497;51080;CARE PLUS;FATURA
7113;8KLJ7;SUL AMÉRICA;FATURA
7114;213160;SUL AMÉRICA;FATURA
7185;466756;BRADESCO SPG;FATURA
7186;466756;BRADESCO SPG;FATURA
7187;466756;BRADESCO SPG;FATURA
7188;466756;BRADESCO SPG;FATURA
5525;471787;BRADESCO SPG;FATURA
5526;97420;SUL AMÉRICA;FATURA
5533;40001;CARE PLUS;FATURA
5534;149965;AMIL ;FATURA
5535;73642;BRADESCO;FATURA
5536;91421;BRADESCO;FATURA
5538;24994016408;SEGUROS UNIMED;FATURA
5537;24994016408;SEGUROS UNIMED;FATOR MODERADOR
5539;331587;BRADESCO SPG;FATURA
5540;67987;SUL AMÉRICA;FATURA
5541;67987;SUL AMÉRICA;FATURA
5542;964923;ODONTOPREV;FATURA
5543;964923;ODONTOPREV;FATURA
5544;29820;SÃO FRANCISCO;FATURA
7623;48652;SÃO FRANCISCO;FATURA
7624;29822;SÃO FRANCISCO;FATURA
7626;48652;SÃO FRANCISCO;FATOR MODERADOR
7627;29822;SÃO FRANCISCO;FATOR MODERADOR
7628;29820;SÃO FRANCISCO;FATOR MODERADOR
7970;90680;BRADESCO;FATURA
7974;72706;BRADESCO;FATURA
7976;72706;BRADESCO;FATOR MODERADOR
1219;379029;SEISA;FATOR MODERADOR
1220;379144;SEISA;FATOR MODERADOR
1221;379085;SEISA;FATOR MODERADOR
1222;379125;SEISA;FATOR MODERADOR
1223;379029;SEISA;FATURA
1224;379144;SEISA;FATURA
1225;379085;SEISA;FATURA
1226;379125;SEISA;FATURA
5545;84140;OMINT;FATURA
5546;84140;OMINT;FATURA
5547;40359;AMIL ;FATURA
5548;950627;ODONTOPREV;FATURA
5550;952355;ODONTOPREV;FATURA
5551;952356;ODONTOPREV;FATURA
5554;82023;OMINT;FATURA
5556;1097;METLIFE;FATURA
5557;68346;SUL AMÉRICA;FATOR MODERADOR
5558;68346;SUL AMÉRICA;FATURA
5559;1104;METLIFE;FATURA
5560;857298;ODONTOPREV;FATURA
7006;857298;ODONTOPREV;FATURA
5562;147257;BRADESCO SPG;FATURA
5563;147256;BRADESCO SPG;FATURA
5564;343482;BRADESCO SPG;FATURA
5567;343482;BRADESCO SPG;FATURA
5566;343482;BRADESCO SPG;FATOR MODERADOR
1658;413;SUL AMÉRICA;FATURA
1665;46408;ODONTOPREV;FATURA
1666;8719330;SEGUROS UNIMED;FATURA
5578;800;UNIMED LAJES;FATOR MODERADOR
5579;800;UNIMED LAJES;FATURA
5584;8719330;SEGUROS UNIMED;FATOR MODERADOR
5585;8719330;SEGUROS UNIMED;FATOR MODERADOR
5586;8719330;SEGUROS UNIMED;FATOR MODERADOR
5587;8719330;SEGUROS UNIMED;FATURA
5588;74272;BRADESCO;FATURA
5589;92830;BRADESCO;FATURA
2577;107833;AMIL ;FATOR MODERADOR
2578;107834;AMIL ;FATOR MODERADOR
5592;107833;AMIL ;FATURA
5595;107834;AMIL ;FATURA
5599;5556448;PORTO SEGURO;FATURA
5600;1683031;PORTO SEGURO;FATURA
8159;8FKPM;SUL AMÉRICA;FATURA
8160;8KLVJ;SUL AMÉRICA;FATURA
1776;1104476;AMIL ;FATURA
1777;1105412;AMIL ;FATURA
1778;1105413;AMIL ;FATURA
1798;1105412;AMIL ;FATURA
1799;1105413;AMIL ;FATURA
8386;032IW;HAPVIDA;FATURA
8387;83124;HAPVIDA;FATURA
8388;83125;HAPVIDA;FATURA
8389;B3412;HAPVIDA;FATURA
8390;032IW;HAPVIDA;FATOR MODERADOR
8391;83124;HAPVIDA;FATOR MODERADOR
8392;83125;HAPVIDA;FATOR MODERADOR
8393;B3412;HAPVIDA;FATOR MODERADOR
8162;51814;CARE PLUS;FATURA
7143;673781;AMIL ;FATURA
7146;678270;AMIL ;FATURA
7147;678270;AMIL ;FATURA
7149;855375;AMIL ;FATURA
5612;54854;BRADESCO SPG;FATURA
5613;54854;BRADESCO SPG;FATURA
3503;10513;CARE PLUS;FATOR MODERADOR
8371;74420;BRADESCO;FATURA
8372;74420;BRADESCO;FATURA
8373;74420;BRADESCO;FATURA
8374;74420;BRADESCO;FATURA
8375;74420;BRADESCO;FATURA
8377;74420;BRADESCO;FATOR MODERADOR
5618;74420;BRADESCO;FATURA
5630;143855;SEGUROS UNIMED;FATURA
5631;24994017225;SEGUROS UNIMED;FATURA
5628;143855;SEGUROS UNIMED;FATOR MODERADOR
5629;24994017225;SEGUROS UNIMED;FATOR MODERADOR
5633;91593;BRADESCO;FATURA
5634;74218;BRADESCO;FATURA
5635;54961;HAPVIDA;FATURA
5636;88998;HAPVIDA;FATURA
7005;5331;SAMP;FATURA
5641;B2130;HAPVIDA;FATOR MODERADOR
5642;B2133;HAPVIDA;FATOR MODERADOR
5643;B2131;HAPVIDA;FATOR MODERADOR
5644;B2132;HAPVIDA;FATOR MODERADOR
5645;B2130;HAPVIDA;FATURA
5646;B2133;HAPVIDA;FATURA
5647;B2131;HAPVIDA;FATURA
5648;B2132;HAPVIDA;FATURA
5649;606756;BRADESCO SPG;FATURA
5650;8GE26;SUL AMÉRICA;FATOR MODERADOR
5651;8GE29;SUL AMÉRICA;FATOR MODERADOR
5653;8GE26;SUL AMÉRICA;FATURA
5654;8GE29;SUL AMÉRICA;FATURA
5652;936265;ODONTOPREV;FATURA
6775;" 	97015336";GNDI;FATURA
7978;92025;BRADESCO;FATURA
7979;70185;BRADESCO;FATURA
5655;7203;BRADESCO;FATURA
5656;355522000;AMIL ;FATURA
5657;355481000;AMIL ;FATURA
5658;30014;SÃO FRANCISCO;FATURA
5659;30016;SÃO FRANCISCO;FATURA
5660;30018;SÃO FRANCISCO;FATURA
5661;30020;SÃO FRANCISCO;FATURA
5662;30024;SÃO FRANCISCO;FATURA
5663;30026;SÃO FRANCISCO;FATURA
5664;30022;SÃO FRANCISCO;FATURA
5665;30028;SÃO FRANCISCO;FATURA
5666;30030;SÃO FRANCISCO;FATURA
5667;30032;SÃO FRANCISCO;FATURA
5668;41808;SÃO FRANCISCO;FATURA
5669;41806;SÃO FRANCISCO;FATURA
5670;41804;SÃO FRANCISCO;FATURA
5671;27926;CNU;FATOR MODERADOR
5672;27926;CNU;FATOR MODERADOR
5673;27926;CNU;FATOR MODERADOR
5674;27926;CNU;FATOR MODERADOR
5675;27926;CNU;FATOR MODERADOR
5676;27926;CNU;FATOR MODERADOR
5677;27926;CNU;FATOR MODERADOR
5678;27926;CNU;FATOR MODERADOR
5679;27926;CNU;FATOR MODERADOR
5680;27926;CNU;FATOR MODERADOR
5681;27926;CNU;FATURA
5682;27926;CNU;FATURA
5683;27926;CNU;FATURA
5684;27926;CNU;FATURA
5685;27926;CNU;FATURA
5686;27926;CNU;FATURA
5687;27926;CNU;FATURA
5688;27926;CNU;FATURA
5689;27926;CNU;FATURA
5690;27926;CNU;FATURA
5691;8EXNO;SUL AMÉRICA;FATURA
5692;161307;SUL AMÉRICA;FATURA
5699;24994019356;SEGUROS UNIMED;FATURA
5700;87857;SUL AMÉRICA;FATURA
5701;87857;SUL AMÉRICA;FATURA
5698;403905;BRADESCO SPG;FATURA
6824;00037222;OMINT;FATURA
6825;00037222;OMINT;FATURA
7533;00037222;OMINT;FATURA
1953;71230;BRADESCO;FATOR MODERADOR
5703;71230;BRADESCO;FATURA
5704;327181;PRIVIAN;FATURA
5705;45097;ODONTOPREV;FATURA
5706;57128;ODONTOPREV;FATURA
548;75007;BRADESCO;FATURA
549;90434;BRADESCO;FATURA
550;75007;BRADESCO;FATOR MODERADOR
5709;71217;BRADESCO;FATURA
5710;71217;BRADESCO;FATURA
552;16152;METLIFE;FATURA
5711;91899;BRADESCO;FATURA
5714;8J8NV;SUL AMÉRICA;FATOR MODERADOR
5715;8J8NV;SUL AMÉRICA;FATURA
5716;196273471;SUL AMÉRICA;FATURA
5717;399073;BRADESCO SPG;FATURA
5718;399074;BRADESCO SPG;FATURA
1437;J007721;GREEN LINE;FATURA
5720;21812;CARE PLUS;FATURA
7183;21813;CARE PLUS;FATURA
2955;393291;AMIL ;FATOR MODERADOR
5723;393291;AMIL ;FATURA
5724;393291;AMIL ;FATURA
5725;72643;BRADESCO;FATOR MODERADOR
5726;72643;BRADESCO;FATURA
5727;90991;BRADESCO;FATOR MODERADOR
5728;90991;BRADESCO;FATURA
2839;9110;CARE PLUS;FATOR MODERADOR
5729;55918;PRIVIAN;FATURA
5730;9153;CARE PLUS;FATURA
5731;9110;CARE PLUS;FATURA
2759;72109;BRADESCO;FATURA
2760;72109;BRADESCO;FATOR MODERADOR
5747;90438;BRADESCO;FATURA
1634;91986;BRADESCO;FATURA
5748;8F0L3;SUL AMÉRICA;FATOR MODERADOR
5749;8F0L4;SUL AMÉRICA;FATOR MODERADOR
5750;8FOL3;SUL AMÉRICA;FATURA
5751;8FOL4;SUL AMÉRICA;FATURA
2880;729286000;AMIL ;FATOR MODERADOR
2881;729286002;AMIL ;FATOR MODERADOR
2961;729286003;AMIL ;FATOR MODERADOR
2962;729286004;AMIL ;FATOR MODERADOR
5752;1203095000;AMIL ;FATURA
5753;1203095003;AMIL ;FATURA
5754;1203095002;AMIL ;FATURA
5755;1203095001;AMIL ;FATURA
5762;1013929000;AMIL ;FATURA
5763;1013929001;AMIL ;FATURA
5764;1013929002;AMIL ;FATURA
5765;198;FARMASEG;FATURA
5766;91418;BRADESCO;FATURA
6994;026201 ;METLIFE;FATURA
6995;026201 ;METLIFE;FATOR MODERADOR
6998;70686;SUL AMÉRICA;FATURA
6999;70686;SUL AMÉRICA;FATOR MODERADOR
5767;751802;AMIL ;FATURA
5769;70040;SUL AMÉRICA;FATURA
8310;70040;SUL AMÉRICA;FATURA
8596;217287;SUL AMÉRICA;FATURA
8597;217288;SUL AMÉRICA;FATURA
5770;0399L;HAPVIDA;FATURA
5771;97014626;GNDI;FATURA
5772;97014627;GNDI;FATURA
5773;97014628;GNDI;FATURA
5774;97014629;GNDI;FATURA
5775;97014630;GNDI;FATURA
5780;407;METLIFE;FATURA
5781;92891;BRADESCO;FATOR MODERADOR
5782;29401;HAPVIDA;FATURA
5783;29401;HAPVIDA;FATURA
5784;29401;HAPVIDA;FATURA
5785;29401;HAPVIDA;FATURA
5786;29401;HAPVIDA;FATURA
5787;29401;HAPVIDA;FATURA
5788;29401;HAPVIDA;FATURA
5789;29401;HAPVIDA;FATURA
5790;36871;PRIVIAN;FATURA
5791;93068;OMINT;FATURA
5792;45710;BRADESCO SPG;FATURA
5793;95151;BRADESCO;FATURA
5794;163931;AMIL ;FATOR MODERADOR
5796;163968;AMIL ;FATOR MODERADOR
5798;163926;AMIL ;FATOR MODERADOR
8259;1723919;PORTO SEGURO;FATURA
5803;89691;SUL AMÉRICA;FATURA
5805;90841;BRADESCO;FATURA
5806;126865;BRADESCO;FATURA
5807;8729166;SEGUROS UNIMED;FATURA
5804;8729166;SEGUROS UNIMED;FATOR MODERADOR
1254;74236;BRADESCO;FATURA
1257;74236;BRADESCO;FATOR MODERADOR
5811;8BC40;SUL AMÉRICA;FATURA
5812;384479;SUL AMÉRICA;FATOR MODERADOR
5813;384479;SUL AMÉRICA;FATURA
5814;45462;ODONTOPREV;FATURA
5825;6196;SÃO FRANCISCO;FATURA
5826;6197;SÃO FRANCISCO;FATURA
7969;176793;SUL AMÉRICA;FATURA
1297;1740;PARANÁ CLINICAS;FATOR MODERADOR
1298;1741;PARANÁ CLINICAS;FATOR MODERADOR
1299;7484;PARANÁ CLINICAS;FATOR MODERADOR
1300;7483;PARANÁ CLINICAS;FATOR MODERADOR
1301;7486;PARANÁ CLINICAS;FATOR MODERADOR
1302;7485;PARANÁ CLINICAS;FATOR MODERADOR
1303;7487;PARANÁ CLINICAS;FATURA
1304;1740;PARANÁ CLINICAS;FATURA
1305;1741;PARANÁ CLINICAS;FATURA
1306;7484;PARANÁ CLINICAS;FATURA
1307;7483;PARANÁ CLINICAS;FATURA
1308;7486;PARANÁ CLINICAS;FATURA
1309;7485;PARANÁ CLINICAS;FATURA
1317;23959;CNU;FATURA
1328;23959;CNU;FATOR MODERADOR
5827;585843;BRADESCO SPG;FATURA
5916;8727511;SEGUROS UNIMED;FATOR MODERADOR
5923;8727511;SEGUROS UNIMED;FATURA
5927;73827;BRADESCO;FATOR MODERADOR
5928;73827;BRADESCO;FATURA
5929;91563;BRADESCO;FATOR MODERADOR
5930;91563;BRADESCO;FATURA
5931;71331;BRADESCO;FATURA
5932;71331;BRADESCO;FATOR MODERADOR
7991;72394;BRADESCO;FATURA
7992;72394;BRADESCO;FATURA
7993;72394;BRADESCO;FATURA
7994;72394;BRADESCO;FATURA
7995;90214;BRADESCO;FATURA
7996;90214;BRADESCO;FATURA
7997;90214;BRADESCO;FATURA
7998;90214;BRADESCO;FATURA
7999;90214;BRADESCO;FATURA
8000;90214;BRADESCO;FATURA
8001;90214;BRADESCO;FATURA
8002;90214;BRADESCO;FATURA
8003;90214;BRADESCO;FATURA
8004;90214;BRADESCO;FATURA
8005;90214;BRADESCO;FATURA
8006;90214;BRADESCO;FATURA
8007;90214;BRADESCO;FATURA
8008;90214;BRADESCO;FATURA
8009;90214;BRADESCO;FATURA
8010;90214;BRADESCO;FATURA
880;73663;BRADESCO;FATURA
881;91434;BRADESCO;FATURA
5934;73663;BRADESCO;FATURA
5935;73663;BRADESCO;FATURA
5936;73663;BRADESCO;FATURA
5937;73663;BRADESCO;FATURA
5938;73663;BRADESCO;FATURA
5974;91434;BRADESCO;FATURA
5975;91434;BRADESCO;FATURA
5976;91434;BRADESCO;FATURA
5977;91434;BRADESCO;FATURA
5978;91434;BRADESCO;FATURA
6014;19947267 ;SEGUROS UNIMED;FATOR MODERADOR
6015;19947267 ;SEGUROS UNIMED;FATURA
6016;1685972;PORTO SEGURO;FATOR MODERADOR
6017;1426667;PORTO SEGURO;FATOR MODERADOR
6018;1426667;PORTO SEGURO;FATURA
6019;1685972;PORTO SEGURO;FATURA
6021;543049;BRADESCO SPG;FATURA
6022;543050;BRADESCO SPG;FATURA
8011;59944042;SEGUROS UNIMED;FATURA
8012;59944046;SEGUROS UNIMED;FATURA
8013;59944047;SEGUROS UNIMED;FATURA
8014;59944075;SEGUROS UNIMED;FATURA
8015;59944042;SEGUROS UNIMED;FATOR MODERADOR
8016;59944046;SEGUROS UNIMED;FATOR MODERADOR
8017;59944047;SEGUROS UNIMED;FATOR MODERADOR
8018;59944075;SEGUROS UNIMED;FATOR MODERADOR
6024;70006;SUL AMÉRICA;FATURA
6026;183549;SUL AMÉRICA;FATURA
6028;999813249;SUL AMÉRICA;FATURA
6030;8HI8H;SUL AMÉRICA;FATURA
6031;8HI8H;SUL AMÉRICA;FATURA
8058;91538;BRADESCO;FATURA
8059;91538;BRADESCO;FATURA
6034;50009;CARE PLUS;FATURA
7630;037320;PRIVIAN;FATOR MODERADOR
7629;037320;PRIVIAN;FATURA
963;9998236;AGEMED;FATOR MODERADOR
7871;301270;AGEMED;FATOR MODERADOR
6035;73661;BRADESCO;FATOR MODERADOR
6036;73661;BRADESCO;FATURA
6037;844599000;AMIL ;FATURA
6041;91937;BRADESCO;FATOR MODERADOR
6042;73866;BRADESCO;FATOR MODERADOR
6043;91937;BRADESCO;FATURA
6044;73866;BRADESCO;FATURA
6050;91955;BRADESCO;FATURA
6051;74229;BRADESCO;FATURA
6056;" 	046502 ";ODONTOPREV;FATURA
6057;238796;ODONTOPREV;FATURA
598;111;FARMASEG;FATURA
599;91684;ODONTOPREV;FATURA
8198;204610;SUL AMÉRICA;FATURA
8199;204610;SUL AMÉRICA;FATURA
7133;8GRMR;SUL AMÉRICA;FATURA
1499;305222;ODONTOPREV;FATURA
997;15923;CNU;FATOR MODERADOR
6080;10377830;PORTO SEGURO;FATURA
6100;540404;BRADESCO SPG;FATURA
6103;385100;PRODENT;FATURA
6104;9802830;ALLIANZ;FATURA
8158;8KWUE;SUL AMÉRICA;FATURA
6106;8764514;SEGUROS UNIMED;FATURA
7981;932883;GOLDEN CROSS;FATURA
7982;932891;GOLDEN CROSS;FATURA
7160;467280;BRADESCO SPG;FATURA
6121;90820;BRADESCO;FATURA
6122;40077;CARE PLUS;FATURA
6124;941454;ODONTOPREV;FATURA
602;97984;UNIMED FESP;FATURA
604;72052;BRADESCO;FATURA
7215;71286;BRADESCO;FATURA
7216;71286;BRADESCO;FATURA
7217;71286;BRADESCO;FATURA
7218;71286;BRADESCO;FATURA
7219;71286;BRADESCO;FATURA
7220;71286;BRADESCO;FATURA
7221;71286;BRADESCO;FATURA
7222;71286;BRADESCO;FATURA
7223;71286;BRADESCO;FATURA
7224;71286;BRADESCO;FATURA
7225;71286;BRADESCO;FATURA
7226;71286;BRADESCO;FATURA
7227;71286;BRADESCO;FATURA
7228;71286;BRADESCO;FATURA
7229;71286;BRADESCO;FATURA
7230;71286;BRADESCO;FATURA
7231;71286;BRADESCO;FATURA
7232;71286;BRADESCO;FATURA
7233;71286;BRADESCO;FATURA
7234;71286;BRADESCO;FATURA
7235;71286;BRADESCO;FATURA
7236;71286;BRADESCO;FATURA
7237;9997;BRADESCO;FATURA
7238;9997;BRADESCO;FATURA
7239;9997;BRADESCO;FATURA
7240;9997;BRADESCO;FATURA
7241;9997;BRADESCO;FATURA
7242;9997;BRADESCO;FATURA
7243;9997;BRADESCO;FATURA
7244;9997;BRADESCO;FATURA
7245;9997;BRADESCO;FATURA
7246;9997;BRADESCO;FATURA
7247;9997;BRADESCO;FATURA
7248;9997;BRADESCO;FATURA
7249;9997;BRADESCO;FATURA
7250;9997;BRADESCO;FATURA
7251;9997;BRADESCO;FATURA
7252;9997;BRADESCO;FATURA
7253;9997;BRADESCO;FATURA
7254;9997;BRADESCO;FATURA
7255;9997;BRADESCO;FATURA
7256;9997;BRADESCO;FATURA
7257;9997;BRADESCO;FATURA
7258;9997;BRADESCO;FATURA
7259;8719870;SEGUROS UNIMED;FATURA
7260;8719870;SEGUROS UNIMED;FATURA
7261;8719870;SEGUROS UNIMED;FATURA
6125;68160;BRADESCO SPG;FATURA
605;134;FARMASEG;FATOR MODERADOR
6126;20604;CARE PLUS;FATURA
6127;21041;CARE PLUS;FATURA
7179;21041;CARE PLUS;FATOR MODERADOR
6128;8731101;SEGUROS UNIMED;FATOR MODERADOR
6129;8731101;SEGUROS UNIMED;FATURA
618;126;FARMASEG;FATOR MODERADOR
6130;7771;SUL AMÉRICA;FATURA
6150;74450;BRADESCO;FATURA
6151;74450;BRADESCO;FATURA
6152;74450;BRADESCO;FATURA
6153;74450;BRADESCO;FATURA
6154;74450;BRADESCO;FATURA
6155;8IJD7;SUL AMÉRICA;FATURA
6156;8IJDC;SUL AMÉRICA;FATURA
6157;455300;ODONTOPREV;FATURA
4949;845625;ODONTOPREV;FATURA
4950;845625;ODONTOPREV;FATURA
4952;9804358;ALLIANZ;FATURA
4953;9804358;ALLIANZ;FATURA
6176;93322;BRADESCO;FATURA
6177;74534;BRADESCO;FATURA
8171;74534;BRADESCO;FATOR MODERADOR
2426;74515;BRADESCO;FATOR MODERADOR
2426;74515;BRADESCO;FATOR MODERADOR
6178;74515;BRADESCO;FATURA
6179;74515;BRADESCO;FATURA
6180;93251;BRADESCO;FATURA
6181;93251;BRADESCO;FATURA
6767;466649;BRADESCO SPG;FATURA
6768;466649;BRADESCO SPG;FATURA
8592;97016696;GNDI;FATURA
8593;97016696;GNDI;FATOR MODERADOR
6183;472299;BRADESCO SPG;FATURA
6184;472299;BRADESCO SPG;FATURA
6185;472299;BRADESCO SPG;FATURA
6186;472299;BRADESCO SPG;FATURA
8585;472299;BRADESCO SPG;FATURA
8586;472299;BRADESCO SPG;FATURA
8587;472299;BRADESCO SPG;FATURA
2662;66416;SUL AMÉRICA;FATOR MODERADOR
6188;999810643;SUL AMÉRICA;FATOR MODERADOR
6189;999810643;SUL AMÉRICA;FATURA
6190;999810643;SUL AMÉRICA;FATURA
6196;150673;SUL AMÉRICA;FATURA
6197;150678;SUL AMÉRICA;FATURA
6198;157968;SUL AMÉRICA;FATURA
7065;8GO9A;SUL AMÉRICA;FATOR MODERADOR
661;92420;BRADESCO;FATURA
665;74092;BRADESCO;FATURA
760;74092;BRADESCO;FATOR MODERADOR
6202;93370;BRADESCO;FATURA
6204;74565;BRADESCO;FATURA
6205;74565;BRADESCO;FATOR MODERADOR
6274;106908;BRADESCO SPG;FATURA
6275;106909;BRADESCO SPG;FATURA
6277;37409;SUL AMÉRICA;FATURA
6278;37409;SUL AMÉRICA;FATURA
6279;37409;SUL AMÉRICA;FATURA
6280;37409;SUL AMÉRICA;FATURA
6281;37409;SUL AMÉRICA;FATURA
6282;37409;SUL AMÉRICA;FATURA
6283;37409;SUL AMÉRICA;FATURA
6284;37409;SUL AMÉRICA;FATURA
6285;37409;SUL AMÉRICA;FATURA
6286;37409;SUL AMÉRICA;FATURA
6287;37409;SUL AMÉRICA;FATURA
6288;37409;SUL AMÉRICA;FATURA
6289;37409;SUL AMÉRICA;FATURA
6301;8714317;SEGUROS UNIMED;FATURA
6311;8714317;SEGUROS UNIMED;FATURA
6311;8714317;SEGUROS UNIMED;FATURA
6312;8714317;SEGUROS UNIMED;FATURA
6313;8714317;SEGUROS UNIMED;FATURA
6315;8714317;SEGUROS UNIMED;FATURA
6330;4002;METLIFE;FATURA
6331;5668;METLIFE;FATURA
6332;4003;METLIFE;FATURA
6333;4003;METLIFE;FATURA
6334;128099;BRADESCO SPG;FATURA
7986;02H75;HAPVIDA;FATURA
7987;02I2B;HAPVIDA;FATURA
7988;02M4Z;HAPVIDA;FATURA
6355;405862;BRADESCO SPG;FATURA
6356;405862;BRADESCO SPG;FATURA
6357;143430;UNIMED ODONTO;FATOR MODERADOR
6358;143430;UNIMED ODONTO;FATURA
6359;67725;SUL AMÉRICA;FATOR MODERADOR
6360;67725;SUL AMÉRICA;FATURA
6361;8767351;SEGUROS UNIMED;FATOR MODERADOR
6362;8767351;SEGUROS UNIMED;FATURA
6363;999811438;SUL AMÉRICA;FATOR MODERADOR
6364;999811438;SUL AMÉRICA;FATURA
6365;193408;BRADESCO SPG;FATURA
6366;193408;BRADESCO SPG;FATURA
6367;193408;BRADESCO SPG;FATURA
6368;193408;BRADESCO SPG;FATURA
6369;193408;BRADESCO SPG;FATURA
6370;327465;BRADESCO SPG;FATURA
6371;327465;BRADESCO SPG;FATURA
6372;327465;BRADESCO SPG;FATURA
6373;327465;BRADESCO SPG;FATURA
6374;327465;BRADESCO SPG;FATURA
6375;90549;OMINT;FATURA
6376;90549;OMINT;FATURA
669;8715980;SEGUROS UNIMED;FATURA
670;8715980;SEGUROS UNIMED;FATURA
6984;816;UNIMED JUNDIAI;FATURA
6380;74574;BRADESCO;FATURA
7136;74574;BRADESCO;FATOR MODERADOR
6382;92351;BRADESCO;FATURA
6383;10373396;PORTO SEGURO;FATURA
6385;10373396;PORTO SEGURO;FATURA
6386;10373396;PORTO SEGURO;FATURA
6390;50922;CARE PLUS;FATURA
6389;619627;PRIVIAN;FATURA
6391;306840;BRADESCO SPG;FATURA
6392;306840;BRADESCO SPG;FATURA
1866;8728232;SEGUROS UNIMED;FATOR MODERADOR
1867;8718636;SEGUROS UNIMED;FATOR MODERADOR
1868;8728232;SEGUROS UNIMED;FATURA
1869;8718636;SEGUROS UNIMED;FATURA
1873;462056;UNIMED CAMPINAS;FATOR MODERADOR
1874;462056;UNIMED CAMPINAS;FATURA
1878;71947;BRADESCO;FATURA
6393;348618;BRADESCO SPG;FATURA
6395;8270;METLIFE;FATURA
6396;8271;METLIFE;FATURA
6397;8239;METLIFE;FATURA
7365;074428;BRADESCO;FATURA
7366;074428;BRADESCO;FATURA
7367;074428;BRADESCO;FATURA
7368;074428;BRADESCO;FATURA
7369;074428;BRADESCO;FATURA
7370;074428;BRADESCO;FATURA
7371;74428;BRADESCO;FATURA
7372;074428;BRADESCO;FATURA
7373;074428;BRADESCO;FATURA
7374;074428;BRADESCO;FATURA
7375;074428;BRADESCO;FATURA
7376;074428;BRADESCO;FATURA
7378;93477;BRADESCO;FATURA
7379;93477;BRADESCO;FATURA
7380;93477;BRADESCO;FATURA
7381;93477;BRADESCO;FATURA
7382;93477;BRADESCO;FATURA
7383;93477;BRADESCO;FATURA
7384;93477;BRADESCO;FATURA
7385;93477;BRADESCO;FATURA
7386;93477;BRADESCO;FATURA
7387;93477;BRADESCO;FATURA
7388;93477;BRADESCO;FATURA
7389;93477;BRADESCO;FATURA
8161;216285;SUL AMÉRICA;FATURA
1249;97900503;GNDI;FATOR MODERADOR
672;72249;BRADESCO;FATURA
673;72249;BRADESCO;FATOR MODERADOR
6405;9916;BRADESCO;FATOR MODERADOR
6769;9916;BRADESCO;FATURA
8502;93089;BRADESCO;FATOR MODERADOR
6407;90416;BRADESCO;FATURA
6408;72533;BRADESCO;FATURA
6420;995793000;AMIL ;FATURA
6421;1088279002 ;AMIL ;FATOR MODERADOR
6422;1088279001 ;AMIL ;FATOR MODERADOR
6423;1088279000 ;AMIL ;FATOR MODERADOR
6424;1088279011 ;AMIL ;FATOR MODERADOR
6425;1088279009 ;AMIL ;FATOR MODERADOR
6426;1088279006 ;AMIL ;FATOR MODERADOR
6427;1088279005 ;AMIL ;FATOR MODERADOR
6428;1088279004 ;AMIL ;FATOR MODERADOR
6429;1088279003 ;AMIL ;FATOR MODERADOR
6430;1088279025 ;AMIL ;FATOR MODERADOR
6431;1088279024 ;AMIL ;FATOR MODERADOR
6432;1088279023 ;AMIL ;FATOR MODERADOR
6433;1088279022 ;AMIL ;FATOR MODERADOR
6434;1088279021 ;AMIL ;FATOR MODERADOR
6435;1088279020 ;AMIL ;FATOR MODERADOR
6436;1088279019 ;AMIL ;FATOR MODERADOR
6437;1088279018 ;AMIL ;FATOR MODERADOR
6438;1088279017 ;AMIL ;FATOR MODERADOR
6439;1088279016 ;AMIL ;FATOR MODERADOR
6440;1088279015 ;AMIL ;FATOR MODERADOR
6441;1088279014 ;AMIL ;FATOR MODERADOR
6442;1088279013 ;AMIL ;FATOR MODERADOR
6443;1088279012 ;AMIL ;FATOR MODERADOR
6444;1088279008 ;AMIL ;FATOR MODERADOR
6445;1088279007 ;AMIL ;FATOR MODERADOR
6446; 1088279007 ;AMIL ;FATOR MODERADOR
6448;8A0QH;SUL AMÉRICA;FATURA
6449;6851;SUL AMÉRICA;FATURA
6451;35812;SUL AMÉRICA;FATURA
6465;259682;UNIMED BH;FATURA
6485;9695371;PORTO SEGURO;FATOR MODERADOR
6486;3701;ODONTOPREV;FATURA
6487;9695371;PORTO SEGURO;FATURA
6488;35422;PRIVIAN;FATURA
6490;970903;PRIVIAN;FATURA
6491;035433;PRIVIAN;FATURA
6494;8BXTN;SUL AMÉRICA;FATURA
6495;8BXTQ;SUL AMÉRICA;FATURA
6496;8BXTO;SUL AMÉRICA;FATURA
6497;8BXTR;SUL AMÉRICA;FATURA
6498;8BXTP;SUL AMÉRICA;FATURA
6499;8C3OK ;SUL AMÉRICA;FATURA
7869;407326;PRIVIAN;FATURA
6502;437570;BRADESCO SPG;FATURA
6528;73864;AMIL ;FATURA
6530;74015;AMIL ;FATURA
6532;74015001;AMIL ;FATURA
8060;73426;BRADESCO;FATURA
8061;73426;BRADESCO;FATURA
8062;73426;BRADESCO;FATURA
8063;91204;BRADESCO;FATURA
8064;91204;BRADESCO;FATURA
8065;91204;BRADESCO;FATURA
6534;439960;BRADESCO SPG;FATURA
8066;74551;BRADESCO;FATURA
8067;74551;BRADESCO;FATURA
8068;74551;BRADESCO;FATURA
8069;74551;BRADESCO;FATURA
8071;74551;BRADESCO;FATOR MODERADOR
2632;405131;BRADESCO SPG;FATOR MODERADOR
6541;405131;BRADESCO SPG;FATURA
6991;70604;SUL AMÉRICA;FATURA
6992;70604;SUL AMÉRICA;FATURA
6993;70604;SUL AMÉRICA;FATURA
6542;97013700;GNDI;FATURA
6543;440621;BRADESCO SPG;FATURA
6544;0005476;ODONTOPREV;FATURA
6545;0005476;ODONTOPREV;FATURA
6546;0005476;ODONTOPREV;FATURA
6547;0005476;ODONTOPREV;FATURA
6548;0005476;ODONTOPREV;FATURA
6549;0005476;ODONTOPREV;FATURA
6560;147793;BRADESCO SPG;FATURA
6561;468217;BRADESCO SPG;FATURA
6562;468216;BRADESCO SPG;FATURA
6563; ;SEGUROS UNIMED;FATURA
6564;665290004;SUL AMÉRICA;FATURA
7631;74632;BRADESCO;FATURA
7632;74632;BRADESCO;FATOR MODERADOR
6744;8KEH6;SUL AMÉRICA;FATURA
6746;8KEHF;SUL AMÉRICA;FATURA
6748;8KGBI;SUL AMÉRICA;FATURA
6749;8KEI0;SUL AMÉRICA;FATURA
6750;8KEI1;SUL AMÉRICA;FATURA
6804;209157;SUL AMÉRICA;FATURA
6805;209159;SUL AMÉRICA;FATURA
6806;209160;SUL AMÉRICA;FATURA
6807;209162;SUL AMÉRICA;FATURA
6809;209166;SUL AMÉRICA;FATURA
6812;209176;SUL AMÉRICA;FATURA
6815;209181;SUL AMÉRICA;FATURA
6816;209182;SUL AMÉRICA;FATURA
6817;209187;SUL AMÉRICA;FATURA
6818;209188;SUL AMÉRICA;FATURA
6819;209191;SUL AMÉRICA;FATURA
6822;209198;SUL AMÉRICA;FATURA
7520;8JVDM;SUL AMÉRICA;RATEIO
7522;8JVER;SUL AMÉRICA;RATEIO
7523;8JVET;SUL AMÉRICA;RATEIO
7524;8JVF5;SUL AMÉRICA;RATEIO
7527;209157;SUL AMÉRICA;RATEIO
7528;209159;SUL AMÉRICA;RATEIO
7529;209160;SUL AMÉRICA;RATEIO
7530;209162;SUL AMÉRICA;RATEIO
7532;209166;SUL AMÉRICA;RATEIO
8475;8KK35;SUL AMÉRICA;FATURA
8476;8KK3B;SUL AMÉRICA;FATURA
8477;8KK39;SUL AMÉRICA;FATURA
8478;8KK3C;SUL AMÉRICA;FATURA
8479;8KK36;SUL AMÉRICA;FATURA
8481;8KP0A;SUL AMÉRICA;FATURA
8482;8KP06;SUL AMÉRICA;FATURA
8484;8KYTX;SUL AMÉRICA;FATURA
8485;8KYTV;SUL AMÉRICA;FATURA
8486;214426;SUL AMÉRICA;FATURA
8487;214432;SUL AMÉRICA;FATURA
8488;213535;SUL AMÉRICA;FATURA
6593;807;INPAO;FATURA
1347;67640;SUL AMÉRICA;FATURA
1348;157595;SUL AMÉRICA;FATURA
6594;8D1SU;SUL AMÉRICA;FATOR MODERADOR
6595;8D1SU;SUL AMÉRICA;FATURA
6596;139684;SUL AMÉRICA;FATURA
8076;71484;BRADESCO;FATURA
8078;92266;BRADESCO;FATURA
8079;92266;BRADESCO;FATURA
1764;91814;BRADESCO;FATURA
6597;73988;BRADESCO;FATURA
6598;73988;BRADESCO;FATURA
6599;1025428000;AMIL ;FATURA
6600;1025428001;AMIL ;FATURA
6601;1025431000;AMIL ;FATURA
6602;1025431001;AMIL ;FATURA
6603;1110763000;AMIL ;FATURA
6606;1164466000;AMIL ;FATURA
6609;9802827;ALLIANZ;FATURA
6610;431746;BRADESCO SPG;FATURA
6614;20484;CARE PLUS;FATURA
6618;39439;SUL AMÉRICA;FATOR MODERADOR
6619;39439;SUL AMÉRICA;FATOR MODERADOR
6620;39439;SUL AMÉRICA;FATURA
6621;39439;SUL AMÉRICA;FATURA
8308;58480356;PORTO SEGURO;FATOR MODERADOR
1541;692;CNU;FATOR MODERADOR
6626;9587;BRADESCO;FATURA
1540;72898;BRADESCO;FATOR MODERADOR
7062;72898;BRADESCO;FATURA
6627;692;CNU;FATURA
6639;135494;BRADESCO SPG;FATURA
6640;135495;BRADESCO SPG;FATURA
6641;81540;OMINT;FATURA
6642;81540;OMINT;FATURA
694;72086;BRADESCO;FATURA
696;719;METLIFE;FATURA
6644;752690;BRADESCO SPG;FATURA
6647;72354;OMINT;FATURA
6648;352405;BRADESCO SPG;FATURA
6664;23649000;AMIL ;FATURA
6666;278920000;AMIL ;FATURA
6667;33848;SUL AMÉRICA;FATURA
6668;98116;OMINT;FATURA
6670;1413;CNU;FATURA
6671;1413;CNU;FATURA
6672;1413;CNU;FATURA
6673;1413;CNU;FATURA
6674;1413;CNU;FATURA
6675;1413;CNU;FATURA
6676;1413;CNU;FATURA
6677;1413;CNU;FATURA
6678;1413;CNU;FATURA
6679;1413;CNU;FATURA
6680;1413;CNU;FATURA
6681;1413;CNU;FATURA
6682;1413;CNU;FATURA
6683;1413;CNU;FATURA
6684;1413;CNU;FATURA
6685;1413;CNU;FATURA
6686;4199130254;PROMED;FATURA
2911;72092;BRADESCO;FATURA
2899;74135;BRADESCO;FATOR MODERADOR
6687;74135;BRADESCO;FATURA
731;70616;SUL AMÉRICA;FATOR MODERADOR
2322;11341;ODONTOPREV;FATOR MODERADOR
2678;11341;ODONTOPREV;FATURA
7054;70616;SUL AMÉRICA;FATURA
6688;469697;BRADESCO SPG;FATURA
6689;844599001;AMIL ;FATURA
6726;5331;SAMP;FATURA
6730;74503;BRADESCO;FATOR MODERADOR
1734;94003119;GNDI;FATOR MODERADOR
1642;108963000;AMIL ;FATURA
1643;108963005;AMIL ;FATURA
6754;70485;SUL AMÉRICA;FATOR MODERADOR
a6754;70485;SUL AMÉRICA;FATOR MODERADOR
a6755;70485;SUL AMÉRICA;FATOR MODERADOR
a67546;70485;SUL AMÉRICA;FATOR MODERADOR
a6757;70485;SUL AMÉRICA;FATOR MODERADOR
a6758;70485;SUL AMÉRICA;FATOR MODERADOR
a6759;70485;SUL AMÉRICA;FATOR MODERADOR
a6760;70485;SUL AMÉRICA;FATOR MODERADOR
5103;75687800;AMIL ;FATURA
5104;756884000;AMIL ;FATURA
5113;6855;UNIODONTO;FATURA
5110;59946646 ;SEGUROS UNIMED;FATOR MODERADOR
5111;59946646 ;SEGUROS UNIMED;FATOR MODERADOR
5112;59946646 ;SEGUROS UNIMED;FATURA
8211;00061743;OMINT;FATURA
4203;33150000;INTERODONTO;FATURA
4204;28420000;INTERODONTO;FATURA
4199;8AR0A;SUL AMÉRICA;FATOR MODERADOR
4200;8AR0A;SUL AMÉRICA;FATURA
4201;8EC6F;SUL AMÉRICA;FATOR MODERADOR
4202;8EC6F;SUL AMÉRICA;FATURA
4775;21975;CARE PLUS;FATURA
4776;21979;CARE PLUS;FATURA
1236;8720037;SEGUROS UNIMED;FATURA
4258;852514000;AMIL ;FATURA
4259;15639;METLIFE;FATURA
4262;73806;BRADESCO;FATURA
4277;74107;BRADESCO;FATOR MODERADOR
861;047545;ODONTOPREV;FATURA
761;74140;BRADESCO;FATOR MODERADOR
3042;8711100;SEGUROS UNIMED;FATOR MODERADOR
4778;74445;BRADESCO;FATURA
4779;92321;BRADESCO;FATURA
4910;8721769;SEGUROS UNIMED;FATOR MODERADOR
4911;8721769;SEGUROS UNIMED;FATURA
1924;74445;BRADESCO;FATOR MODERADOR
737;74140;BRADESCO;FATURA
3048;10457;CARE PLUS;FATOR MODERADOR
4431;10457;CARE PLUS;FATURA
4432;8711100;SEGUROS UNIMED;FATURA
4433;15106;ODONTOPREV;FATURA
8197;36851;PRIVIAN;FATURA
3626;68556;SUL AMÉRICA;FATOR MODERADOR
4956;68556;SUL AMÉRICA;FATURA
4957;999812099;SUL AMÉRICA;FATURA
7056;38593;SUL AMÉRICA;FATURA
7057;38593;SUL AMÉRICA;FATOR MODERADOR
7058;38593;SUL AMÉRICA;FATOR MODERADOR
7059;38593;SUL AMÉRICA;FATURA
7060;38593;SUL AMÉRICA;FATOR MODERADOR
7061;38593;SUL AMÉRICA;FATURA
7066;3536;E-PHARMA;FATURA
7067;73759;BRADESCO;FATOR MODERADOR
7068;74272;BRADESCO;FATOR MODERADOR
7069;393291;AMIL ;FATOR MODERADOR
7070;28869;HAPVIDA;FATURA
7072;28353;METLIFE;FATURA
4026;74067;BRADESCO;FATURA
290;91969;BRADESCO;FATURA
291;91969;BRADESCO;FATURA
292;91969;BRADESCO;FATURA
293;91969;BRADESCO;FATURA
294;91969;BRADESCO;FATURA
295;73928;BRADESCO;FATURA
296;73928;BRADESCO;FATURA
297;73928;BRADESCO;FATURA
298;73928;BRADESCO;FATURA
299;73928;BRADESCO;FATURA
300;73928;BRADESCO;FATOR MODERADOR
301;29870;METLIFE;FATURA
302;636760;BRADESCO SPG;FATURA
303;70980;SUL AMÉRICA;FATURA
304;03UUJ;HAPVIDA;FATURA
305;76817;SUL AMÉRICA;FATURA
306;76668;SUL AMÉRICA;FATURA
307;642672;BRADESCO SPG;FATURA
308;8719942;SEGUROS UNIMED;FATURA
309;8719942;SEGUROS UNIMED;FATOR MODERADOR
